-- MySQL dump 10.13  Distrib 8.0.25, for Win64 (x86_64)
--
-- Host: localhost    Database: club
-- ------------------------------------------------------
-- Server version	8.0.25

/*!40101 SET @OLD_CHARACTER_SET_CLIENT=@@CHARACTER_SET_CLIENT */;
/*!40101 SET @OLD_CHARACTER_SET_RESULTS=@@CHARACTER_SET_RESULTS */;
/*!40101 SET @OLD_COLLATION_CONNECTION=@@COLLATION_CONNECTION */;
/*!50503 SET NAMES utf8mb4 */;
/*!40103 SET @OLD_TIME_ZONE=@@TIME_ZONE */;
/*!40103 SET TIME_ZONE='+00:00' */;
/*!40014 SET @OLD_UNIQUE_CHECKS=@@UNIQUE_CHECKS, UNIQUE_CHECKS=0 */;
/*!40014 SET @OLD_FOREIGN_KEY_CHECKS=@@FOREIGN_KEY_CHECKS, FOREIGN_KEY_CHECKS=0 */;
/*!40101 SET @OLD_SQL_MODE=@@SQL_MODE, SQL_MODE='NO_AUTO_VALUE_ON_ZERO' */;
/*!40111 SET @OLD_SQL_NOTES=@@SQL_NOTES, SQL_NOTES=0 */;

--
-- Table structure for table `accounts`
--

DROP TABLE IF EXISTS `accounts`;
/*!40101 SET @saved_cs_client     = @@character_set_client */;
/*!50503 SET character_set_client = utf8mb4 */;
CREATE TABLE `accounts` (
  `id` int unsigned NOT NULL AUTO_INCREMENT,
  `name` varchar(50) COLLATE utf8mb4_unicode_ci NOT NULL,
  `created_at` timestamp NULL DEFAULT NULL,
  `updated_at` timestamp NULL DEFAULT NULL,
  PRIMARY KEY (`id`)
) ENGINE=InnoDB AUTO_INCREMENT=2 DEFAULT CHARSET=utf8mb4 COLLATE=utf8mb4_unicode_ci;
/*!40101 SET character_set_client = @saved_cs_client */;

--
-- Dumping data for table `accounts`
--

LOCK TABLES `accounts` WRITE;
/*!40000 ALTER TABLE `accounts` DISABLE KEYS */;
INSERT INTO `accounts` VALUES (1,'Rotary Club Langata','2021-09-01 09:17:54','2021-09-01 09:17:54');
/*!40000 ALTER TABLE `accounts` ENABLE KEYS */;
UNLOCK TABLES;

--
-- Table structure for table `affiliation_member`
--

DROP TABLE IF EXISTS `affiliation_member`;
/*!40101 SET @saved_cs_client     = @@character_set_client */;
/*!50503 SET character_set_client = utf8mb4 */;
CREATE TABLE `affiliation_member` (
  `affiliation_id` bigint unsigned NOT NULL,
  `member_id` bigint unsigned NOT NULL,
  `created_at` timestamp NULL DEFAULT NULL,
  `updated_at` timestamp NULL DEFAULT NULL,
  PRIMARY KEY (`affiliation_id`,`member_id`),
  KEY `affiliation_member_affiliation_id_index` (`affiliation_id`),
  KEY `affiliation_member_member_id_index` (`member_id`),
  CONSTRAINT `affiliation_member_affiliation_id_foreign` FOREIGN KEY (`affiliation_id`) REFERENCES `affiliations` (`id`) ON DELETE CASCADE,
  CONSTRAINT `affiliation_member_member_id_foreign` FOREIGN KEY (`member_id`) REFERENCES `members` (`id`) ON DELETE CASCADE
) ENGINE=InnoDB DEFAULT CHARSET=utf8mb4 COLLATE=utf8mb4_unicode_ci;
/*!40101 SET character_set_client = @saved_cs_client */;

--
-- Dumping data for table `affiliation_member`
--

LOCK TABLES `affiliation_member` WRITE;
/*!40000 ALTER TABLE `affiliation_member` DISABLE KEYS */;
INSERT INTO `affiliation_member` VALUES (1,6,NULL,NULL),(1,7,NULL,NULL),(1,8,NULL,NULL),(1,12,NULL,NULL),(1,19,NULL,NULL),(1,23,NULL,NULL),(1,26,NULL,NULL),(1,30,NULL,NULL),(1,34,NULL,NULL),(1,40,NULL,NULL),(1,41,NULL,NULL),(1,43,NULL,NULL),(1,48,NULL,NULL),(1,54,NULL,NULL),(1,57,NULL,NULL),(1,68,NULL,NULL),(1,69,NULL,NULL),(1,73,NULL,NULL),(1,76,NULL,NULL),(1,77,NULL,NULL),(1,82,NULL,NULL),(1,89,NULL,NULL),(1,94,NULL,NULL),(1,105,NULL,NULL),(1,107,NULL,NULL),(1,118,NULL,NULL),(2,5,NULL,NULL),(2,9,NULL,NULL),(2,10,NULL,NULL),(2,11,NULL,NULL),(2,13,NULL,NULL),(2,15,NULL,NULL),(2,16,NULL,NULL),(2,20,NULL,NULL),(2,21,NULL,NULL),(2,27,NULL,NULL),(2,29,NULL,NULL),(2,31,NULL,NULL),(2,32,NULL,NULL),(2,37,NULL,NULL),(2,38,NULL,NULL),(2,42,NULL,NULL),(2,44,NULL,NULL),(2,46,NULL,NULL),(2,47,NULL,NULL),(2,51,NULL,NULL),(2,52,NULL,NULL),(2,56,NULL,NULL),(2,65,NULL,NULL),(2,66,NULL,NULL),(2,70,NULL,NULL),(2,71,NULL,NULL),(2,78,NULL,NULL),(2,80,NULL,NULL),(2,85,NULL,NULL),(2,87,NULL,NULL),(2,90,NULL,NULL),(2,91,NULL,NULL),(2,92,NULL,NULL),(2,93,NULL,NULL),(2,95,NULL,NULL),(2,97,NULL,NULL),(2,98,NULL,NULL),(2,99,NULL,NULL),(2,100,NULL,NULL),(2,102,NULL,NULL),(2,104,NULL,NULL),(2,106,NULL,NULL),(2,110,NULL,NULL),(2,111,NULL,NULL),(2,112,NULL,NULL),(2,113,NULL,NULL),(2,114,NULL,NULL),(2,115,NULL,NULL),(2,117,NULL,NULL),(2,119,NULL,NULL),(3,1,NULL,NULL),(3,2,NULL,NULL),(3,3,NULL,NULL),(3,4,NULL,NULL),(3,14,NULL,NULL),(3,17,NULL,NULL),(3,18,NULL,NULL),(3,22,NULL,NULL),(3,24,NULL,NULL),(3,25,NULL,NULL),(3,28,NULL,NULL),(3,33,NULL,NULL),(3,35,NULL,NULL),(3,36,NULL,NULL),(3,39,NULL,NULL),(3,45,NULL,NULL),(3,49,NULL,NULL),(3,50,NULL,NULL),(3,53,NULL,NULL),(3,55,NULL,NULL),(3,58,NULL,NULL),(3,59,NULL,NULL),(3,60,NULL,NULL),(3,61,NULL,NULL),(3,62,NULL,NULL),(3,63,NULL,NULL),(3,64,NULL,NULL),(3,67,NULL,NULL),(3,72,NULL,NULL),(3,74,NULL,NULL),(3,75,NULL,NULL),(3,79,NULL,NULL),(3,81,NULL,NULL),(3,83,NULL,NULL),(3,84,NULL,NULL),(3,86,NULL,NULL),(3,88,NULL,NULL),(3,96,NULL,NULL),(3,101,NULL,NULL),(3,103,NULL,NULL),(3,108,NULL,NULL),(3,109,NULL,NULL),(3,116,NULL,NULL),(3,120,NULL,NULL);
/*!40000 ALTER TABLE `affiliation_member` ENABLE KEYS */;
UNLOCK TABLES;

--
-- Table structure for table `affiliations`
--

DROP TABLE IF EXISTS `affiliations`;
/*!40101 SET @saved_cs_client     = @@character_set_client */;
/*!50503 SET character_set_client = utf8mb4 */;
CREATE TABLE `affiliations` (
  `id` bigint unsigned NOT NULL AUTO_INCREMENT,
  `code` varchar(255) COLLATE utf8mb4_unicode_ci NOT NULL,
  `description` varchar(255) COLLATE utf8mb4_unicode_ci DEFAULT NULL,
  `created_at` timestamp NULL DEFAULT NULL,
  `updated_at` timestamp NULL DEFAULT NULL,
  PRIMARY KEY (`id`),
  UNIQUE KEY `affiliations_code_unique` (`code`)
) ENGINE=InnoDB AUTO_INCREMENT=4 DEFAULT CHARSET=utf8mb4 COLLATE=utf8mb4_unicode_ci;
/*!40101 SET character_set_client = @saved_cs_client */;

--
-- Dumping data for table `affiliations`
--

LOCK TABLES `affiliations` WRITE;
/*!40000 ALTER TABLE `affiliations` DISABLE KEYS */;
INSERT INTO `affiliations` VALUES (1,'Rotarian','Rotarian','2021-09-01 09:17:55','2021-09-01 09:17:55'),(2,'Rotaractor','Rotaractor','2021-09-01 09:17:55','2021-09-01 09:17:55'),(3,'Guest','Guest','2021-09-01 09:17:55','2021-09-01 09:17:55');
/*!40000 ALTER TABLE `affiliations` ENABLE KEYS */;
UNLOCK TABLES;

--
-- Table structure for table `contacts`
--

DROP TABLE IF EXISTS `contacts`;
/*!40101 SET @saved_cs_client     = @@character_set_client */;
/*!50503 SET character_set_client = utf8mb4 */;
CREATE TABLE `contacts` (
  `id` int unsigned NOT NULL AUTO_INCREMENT,
  `account_id` int NOT NULL,
  `organization_id` int DEFAULT NULL,
  `first_name` varchar(25) COLLATE utf8mb4_unicode_ci NOT NULL,
  `last_name` varchar(25) COLLATE utf8mb4_unicode_ci NOT NULL,
  `email` varchar(50) COLLATE utf8mb4_unicode_ci DEFAULT NULL,
  `phone` varchar(50) COLLATE utf8mb4_unicode_ci DEFAULT NULL,
  `address` varchar(150) COLLATE utf8mb4_unicode_ci DEFAULT NULL,
  `city` varchar(50) COLLATE utf8mb4_unicode_ci DEFAULT NULL,
  `region` varchar(50) COLLATE utf8mb4_unicode_ci DEFAULT NULL,
  `country` varchar(2) COLLATE utf8mb4_unicode_ci DEFAULT NULL,
  `postal_code` varchar(25) COLLATE utf8mb4_unicode_ci DEFAULT NULL,
  `created_at` timestamp NULL DEFAULT NULL,
  `updated_at` timestamp NULL DEFAULT NULL,
  `deleted_at` timestamp NULL DEFAULT NULL,
  PRIMARY KEY (`id`),
  KEY `contacts_account_id_index` (`account_id`),
  KEY `contacts_organization_id_index` (`organization_id`)
) ENGINE=InnoDB AUTO_INCREMENT=101 DEFAULT CHARSET=utf8mb4 COLLATE=utf8mb4_unicode_ci;
/*!40101 SET character_set_client = @saved_cs_client */;

--
-- Dumping data for table `contacts`
--

LOCK TABLES `contacts` WRITE;
/*!40000 ALTER TABLE `contacts` DISABLE KEYS */;
INSERT INTO `contacts` VALUES (1,1,47,'Cathrine','Hudson','mazie.medhurst@example.org','(844) 749-6394','6102 Mills Wells','West Bianka','Maryland','US','67068-6191','2021-09-01 09:17:55','2021-09-01 09:17:55',NULL),(2,1,77,'Madelyn','Nienow','otto.price@example.com','866-317-7633','65377 Maynard Crossing','North Elijah','Maine','US','21076','2021-09-01 09:17:55','2021-09-01 09:17:55',NULL),(3,1,53,'Erin','Hessel','corene72@example.com','(866) 584-5050','264 Aiyana Isle','Kiehnview','Connecticut','US','10575','2021-09-01 09:17:55','2021-09-01 09:17:55',NULL),(4,1,82,'Katlynn','Larkin','alexandra19@example.net','855.508.1116','358 Mayert Landing','West Ilaland','Massachusetts','US','79614','2021-09-01 09:17:55','2021-09-01 09:17:55',NULL),(5,1,12,'Margarette','Bartell','jovanny.rosenbaum@example.org','(877) 623-0875','29623 Rempel Loaf','South Brad','Michigan','US','17382','2021-09-01 09:17:55','2021-09-01 09:17:55',NULL),(6,1,58,'Erick','Hauck','jacobs.deangelo@example.org','800-849-8405','811 Gutkowski Inlet','West Jamarton','Maryland','US','69937-1211','2021-09-01 09:17:55','2021-09-01 09:17:55',NULL),(7,1,40,'Hunter','Bartell','jonatan.howell@example.com','(888) 316-2123','979 Andreanne Mountains Apt. 104','Jovanybury','Missouri','US','35392','2021-09-01 09:17:55','2021-09-01 09:17:55',NULL),(8,1,79,'Moshe','Lueilwitz','valentin.gulgowski@example.com','888.461.3708','381 Harris Square Apt. 241','Susieshire','District of Columbia','US','59696-1002','2021-09-01 09:17:55','2021-09-01 09:17:55',NULL),(9,1,17,'Kayli','Block','bahringer.antonette@example.com','866.421.6499','1103 Jeramie Center','East Anikamouth','Massachusetts','US','99324','2021-09-01 09:17:55','2021-09-01 09:17:55',NULL),(10,1,74,'Alvera','Price','wcole@example.net','(844) 691-1663','44155 Lesch Cape','Schneiderton','Mississippi','US','02253','2021-09-01 09:17:55','2021-09-01 09:17:55',NULL),(11,1,15,'Liza','Schumm','gislason.gayle@example.net','844.436.0361','2982 Boyle Extension','North Maddison','Hawaii','US','87818','2021-09-01 09:17:55','2021-09-01 09:17:55',NULL),(12,1,27,'Joaquin','McClure','emmie.flatley@example.com','877.267.1489','426 Johathan Mountain','Jordanside','Nevada','US','04446','2021-09-01 09:17:55','2021-09-01 09:17:55',NULL),(13,1,66,'Erik','Barton','alice34@example.net','800.681.6059','1207 Laurie Lodge Suite 699','Jacobiton','Indiana','US','01966','2021-09-01 09:17:55','2021-09-01 09:17:55',NULL),(14,1,1,'Bette','Dietrich','marisa.bosco@example.org','844.561.3777','3734 Demario Turnpike Suite 907','Jamaalland','Nevada','US','25546','2021-09-01 09:17:55','2021-09-01 09:17:55',NULL),(15,1,99,'Marlee','Abernathy','chelsie30@example.com','1-866-776-3109','8530 Ethelyn Forks','Ramirostad','California','US','15581','2021-09-01 09:17:55','2021-09-01 09:17:55',NULL),(16,1,8,'Jaquan','Little','alebsack@example.com','866-625-2448','758 Marianne Groves Apt. 393','Anastasiaberg','Montana','US','86950-5324','2021-09-01 09:17:55','2021-09-01 09:17:55',NULL),(17,1,74,'Virgie','Gottlieb','meda.bruen@example.com','1-877-372-0797','183 Hailie Groves','New Desiree','New York','US','40198','2021-09-01 09:17:55','2021-09-01 09:17:55',NULL),(18,1,18,'Jean','Botsford','windler.osborne@example.net','855-201-1517','870 Hanna Estate','Venaland','District of Columbia','US','80680-1348','2021-09-01 09:17:55','2021-09-01 09:17:55',NULL),(19,1,85,'Arnoldo','Fahey','lacy.zboncak@example.net','1-888-283-3055','63559 Rempel Union Apt. 860','New Sethshire','Idaho','US','34116-4440','2021-09-01 09:17:55','2021-09-01 09:17:55',NULL),(20,1,30,'Alford','Rempel','lbeier@example.net','1-877-976-1225','307 Miller Islands','Rippinburgh','Kentucky','US','40762-8314','2021-09-01 09:17:55','2021-09-01 09:17:55',NULL),(21,1,51,'Joesph','Lowe','wilderman.rod@example.org','(888) 500-3886','533 Brekke Trace','West Cletus','Montana','US','54652-4176','2021-09-01 09:17:55','2021-09-01 09:17:55',NULL),(22,1,90,'Chanelle','Homenick','olga.windler@example.net','844.909.5843','48758 Angus Lodge Suite 748','Savannaside','Delaware','US','86576','2021-09-01 09:17:55','2021-09-01 09:17:55',NULL),(23,1,48,'Braeden','Botsford','mertz.neva@example.com','855.979.7789','691 Hegmann Trail Apt. 268','Swaniawskishire','West Virginia','US','16134-0414','2021-09-01 09:17:55','2021-09-01 09:17:55',NULL),(24,1,64,'Heath','Rogahn','mcdermott.krista@example.net','(877) 623-5054','8000 Claudie Union','Lake Willow','Maine','US','28200','2021-09-01 09:17:55','2021-09-01 09:17:55',NULL),(25,1,6,'Maximillia','Kshlerin','louvenia95@example.net','888.747.9794','39679 Brook Roads Apt. 061','North Leslie','California','US','41916','2021-09-01 09:17:55','2021-09-01 09:17:55',NULL),(26,1,25,'Kadin','Bode','deckow.shaina@example.org','888-221-8684','1826 Russ Ranch','West Llewellynhaven','California','US','52144','2021-09-01 09:17:55','2021-09-01 09:17:55',NULL),(27,1,5,'Riley','Rosenbaum','stewart.mclaughlin@example.com','844-891-3244','677 O\'Hara River','Angelicaberg','North Carolina','US','24061','2021-09-01 09:17:55','2021-09-01 09:17:55',NULL),(28,1,25,'Anahi','Raynor','becker.major@example.com','1-800-894-3985','91520 Schaefer Lane','New Regantown','New York','US','04866','2021-09-01 09:17:55','2021-09-01 09:17:55',NULL),(29,1,57,'Earline','Kessler','bernhard.jasen@example.com','877.923.1757','17429 Ortiz Squares Apt. 688','North Braxtonmouth','South Carolina','US','80020','2021-09-01 09:17:55','2021-09-01 09:17:55',NULL),(30,1,22,'Sigmund','Ziemann','qohara@example.com','866-382-5493','3038 Mertie Dale Suite 025','Emmerichburgh','Texas','US','27351','2021-09-01 09:17:55','2021-09-01 09:17:55',NULL),(31,1,29,'Maci','Ritchie','dedric56@example.net','1-855-782-8293','8542 Pearlie Green','Port Whitney','California','US','64437','2021-09-01 09:17:55','2021-09-01 09:17:55',NULL),(32,1,94,'Heloise','Goyette','king.alvah@example.com','844-374-4422','382 Berge Coves','New Martinamouth','Virginia','US','42453-6659','2021-09-01 09:17:55','2021-09-01 09:17:55',NULL),(33,1,52,'Virgil','Gottlieb','goldner.danielle@example.com','800-391-5003','136 Gay Glens','New Lavada','Utah','US','58114-0438','2021-09-01 09:17:55','2021-09-01 09:17:55',NULL),(34,1,4,'Mariam','Dickinson','swisoky@example.com','877.766.3841','4512 Salvador Flat','Alyshamouth','Ohio','US','19356','2021-09-01 09:17:55','2021-09-01 09:17:55',NULL),(35,1,28,'Carolyne','Sipes','deborah19@example.com','888.459.7137','80441 Rempel Prairie Apt. 990','Port Mitchell','Nebraska','US','25374-8233','2021-09-01 09:17:55','2021-09-01 09:17:55',NULL),(36,1,18,'Bryana','Lowe','jay84@example.com','844.584.5243','962 Aditya Trafficway','Isaistad','Illinois','US','10604-8156','2021-09-01 09:17:55','2021-09-01 09:17:55',NULL),(37,1,100,'Ignatius','Stanton','streich.leora@example.net','(855) 244-0107','124 Tomas Lock','Quigleyberg','Maryland','US','52022-7745','2021-09-01 09:17:55','2021-09-01 09:17:55',NULL),(38,1,17,'Santiago','Daniel','jarred45@example.org','855-669-0044','10790 Sigmund Greens','Othoborough','Pennsylvania','US','53350-3700','2021-09-01 09:17:55','2021-09-01 09:17:55',NULL),(39,1,48,'Vickie','Gleichner','mccullough.johnpaul@example.com','(866) 579-4944','7838 Breanne Port','Abrahamville','Michigan','US','56849','2021-09-01 09:17:55','2021-09-01 09:17:55',NULL),(40,1,46,'Therese','Smitham','schinner.layne@example.com','855.942.4345','95187 Jeffrey Court Apt. 899','Diamondchester','Alaska','US','93776','2021-09-01 09:17:55','2021-09-01 09:17:55',NULL),(41,1,51,'Jaquelin','Nolan','kgusikowski@example.net','877.753.4551','990 Hane Pines Apt. 659','South Maybelle','Maine','US','22278-6396','2021-09-01 09:17:55','2021-09-01 09:17:55',NULL),(42,1,49,'Alene','Watsica','ghermiston@example.com','1-844-752-2070','99126 Ryley Estate','McKenzieside','Nebraska','US','60743','2021-09-01 09:17:55','2021-09-01 09:17:55',NULL),(43,1,90,'Santino','Parker','walsh.jerry@example.net','1-877-869-1848','816 Heber Roads Suite 830','West Arnoldville','South Dakota','US','52695','2021-09-01 09:17:55','2021-09-01 09:17:55',NULL),(44,1,24,'Tiffany','Gutkowski','karine.rutherford@example.net','844-850-1440','760 Alaina Terrace','Adamtown','Wyoming','US','40031-5076','2021-09-01 09:17:55','2021-09-01 09:17:55',NULL),(45,1,74,'Tiffany','Kshlerin','jveum@example.com','1-855-800-8727','98850 Auer Flat Suite 610','Wildermanchester','Ohio','US','87085','2021-09-01 09:17:55','2021-09-01 09:17:55',NULL),(46,1,100,'Alaina','Schulist','sconsidine@example.net','855.918.5857','4205 Schmeler Freeway Suite 635','Caitlynport','Pennsylvania','US','14983-8559','2021-09-01 09:17:55','2021-09-01 09:17:55',NULL),(47,1,45,'Donnie','Schroeder','cali45@example.org','866.554.3436','3268 May Springs','West Xavier','Mississippi','US','56868','2021-09-01 09:17:55','2021-09-01 09:17:55',NULL),(48,1,84,'Lyla','Sanford','nicolas.mina@example.net','877-366-1367','603 Strosin Garden Suite 861','Schmittfurt','Indiana','US','14502','2021-09-01 09:17:55','2021-09-01 09:17:55',NULL),(49,1,18,'Charlene','Gutmann','judd68@example.org','1-844-484-7080','502 Ceasar Pike Apt. 482','Lake Alexisville','Virginia','US','24190','2021-09-01 09:17:55','2021-09-01 09:17:55',NULL),(50,1,14,'Alverta','Emmerich','janae88@example.org','866.947.7210','7168 Prosacco Spring Suite 893','South Alfordhaven','Kentucky','US','91483','2021-09-01 09:17:55','2021-09-01 09:17:55',NULL),(51,1,42,'Thora','Crooks','alden16@example.net','866.947.2050','867 Brandt Stream','New Missourifurt','Missouri','US','78961','2021-09-01 09:17:55','2021-09-01 09:17:55',NULL),(52,1,41,'Greg','Price','gutkowski.charlie@example.com','855.958.6905','32518 Maritza Fall','New Zella','Nebraska','US','90131-3816','2021-09-01 09:17:55','2021-09-01 09:17:55',NULL),(53,1,96,'Frances','Green','maritza01@example.net','800-303-1438','3120 Mitchell Extensions','Parkerville','Virginia','US','24888-7744','2021-09-01 09:17:55','2021-09-01 09:17:55',NULL),(54,1,25,'Deron','Kertzmann','vern66@example.com','(844) 448-0875','6040 Angelina Squares','New Jesus','Rhode Island','US','98312-8244','2021-09-01 09:17:55','2021-09-01 09:17:55',NULL),(55,1,61,'Chasity','Leannon','hagenes.hilda@example.org','866-396-7864','16328 Schuppe Island Suite 933','Schaeferberg','Connecticut','US','59781-7352','2021-09-01 09:17:55','2021-09-01 09:17:55',NULL),(56,1,8,'Solon','Larson','wintheiser.zion@example.net','1-866-813-3494','3440 Stoltenberg Lights','Lueilwitzfort','Maryland','US','94044','2021-09-01 09:17:55','2021-09-01 09:17:55',NULL),(57,1,33,'Dolores','Douglas','cmraz@example.org','844-339-4429','4031 Susan Valleys','Gregorymouth','New York','US','31461','2021-09-01 09:17:55','2021-09-01 09:17:55',NULL),(58,1,48,'Laron','Koepp','darrel27@example.org','866-753-1137','58923 Greenfelder Spring Apt. 075','Jedediahville','Mississippi','US','72389-2646','2021-09-01 09:17:55','2021-09-01 09:17:55',NULL),(59,1,90,'Athena','Jaskolski','natalie14@example.org','800-412-4045','7307 Stracke Meadows Apt. 948','West Rowanview','Minnesota','US','10999','2021-09-01 09:17:55','2021-09-01 09:17:55',NULL),(60,1,17,'Issac','Hartmann','cremin.santina@example.org','855.944.2431','967 Volkman Shoals','South Jermeyton','Massachusetts','US','32553','2021-09-01 09:17:55','2021-09-01 09:17:55',NULL),(61,1,4,'Alysha','Marks','adelia.bartell@example.com','800.475.5137','6846 Schmidt Shore Apt. 221','South Marcus','Arkansas','US','43130','2021-09-01 09:17:55','2021-09-01 09:17:55',NULL),(62,1,98,'Callie','Hayes','giovanni.bednar@example.org','866-257-1071','87308 Lisandro Dam','Mertzberg','Nebraska','US','03776-1048','2021-09-01 09:17:55','2021-09-01 09:17:55',NULL),(63,1,84,'Cooper','Kuhic','smaggio@example.org','844.648.0814','7936 Christiansen Groves Apt. 952','New Seamus','Iowa','US','45702-4312','2021-09-01 09:17:55','2021-09-01 09:17:55',NULL),(64,1,53,'Sydnee','Kuphal','nicolas.marian@example.net','(844) 822-7294','8516 Jonas Squares','Kuhlmantown','Vermont','US','28875','2021-09-01 09:17:55','2021-09-01 09:17:55',NULL),(65,1,83,'Karley','Williamson','shana.heaney@example.net','888.891.9250','7944 Abelardo Field','North Noeborough','Idaho','US','90721-2311','2021-09-01 09:17:55','2021-09-01 09:17:55',NULL),(66,1,69,'Gregorio','Dibbert','wfeeney@example.org','844.914.0515','512 Mayert Station','Parkertown','Nebraska','US','18597','2021-09-01 09:17:55','2021-09-01 09:17:55',NULL),(67,1,81,'Ansel','Weimann','carole84@example.com','1-855-665-5308','416 Jovan Route Apt. 071','East Delta','District of Columbia','US','65768-1605','2021-09-01 09:17:55','2021-09-01 09:17:55',NULL),(68,1,73,'Wilhelm','Volkman','madisyn.kuhlman@example.com','866.231.2002','1934 Kyra Pass','West Lue','New Hampshire','US','01277-7470','2021-09-01 09:17:55','2021-09-01 09:17:55',NULL),(69,1,71,'Samara','Koepp','syble93@example.org','1-800-939-9683','67131 Kavon Manors Suite 757','Lake Danteland','Oklahoma','US','26007-5758','2021-09-01 09:17:55','2021-09-01 09:17:55',NULL),(70,1,38,'Cleta','Stiedemann','murphy.alexandro@example.org','(800) 298-1552','788 Schultz Vista Apt. 661','Port Shanyshire','Oregon','US','47501','2021-09-01 09:17:55','2021-09-01 09:17:55',NULL),(71,1,79,'Drew','Lemke','blanche.doyle@example.net','855.331.7110','5643 Al Inlet Suite 797','Jakaylaton','Delaware','US','14946-2266','2021-09-01 09:17:55','2021-09-01 09:17:55',NULL),(72,1,14,'Bailey','Brekke','hilpert.mina@example.net','877.394.6475','9314 Shayne Mountains Suite 427','North Coyland','Nevada','US','37913-1654','2021-09-01 09:17:55','2021-09-01 09:17:55',NULL),(73,1,7,'Matteo','Barrows','kessler.dana@example.net','(877) 432-5826','8715 Rory Union Suite 856','Roweshire','Idaho','US','05748','2021-09-01 09:17:55','2021-09-01 09:17:55',NULL),(74,1,88,'Abby','Zulauf','asmitham@example.com','800-429-2219','6352 Emory Valleys Apt. 539','West Jacquesfurt','New York','US','97597','2021-09-01 09:17:55','2021-09-01 09:17:55',NULL),(75,1,74,'Deshaun','Thiel','fadel.delphine@example.net','844.556.3661','1192 Annabel Freeway Apt. 385','Horaceside','Rhode Island','US','16362','2021-09-01 09:17:55','2021-09-01 09:17:55',NULL),(76,1,8,'Moriah','Osinski','lauren62@example.net','866.260.7447','9156 Marc Roads Apt. 755','New Aprilhaven','Michigan','US','42329-3123','2021-09-01 09:17:55','2021-09-01 09:17:55',NULL),(77,1,80,'Lela','Harvey','wosinski@example.net','855-245-0932','5144 Lind Pines','Lubowitzborough','Minnesota','US','92775','2021-09-01 09:17:55','2021-09-01 09:17:55',NULL),(78,1,48,'Corbin','Beier','kreiger.kathleen@example.com','866.959.7256','258 Damian Wells Apt. 988','Lake Milotown','Texas','US','30131','2021-09-01 09:17:55','2021-09-01 09:17:55',NULL),(79,1,38,'Bernita','Ankunding','bell53@example.net','(800) 484-5490','676 Guadalupe Crescent','Altenwerthview','Maine','US','54042','2021-09-01 09:17:55','2021-09-01 09:17:55',NULL),(80,1,66,'Grace','McCullough','anissa45@example.net','800.608.2807','24607 Shanahan Point','West Alana','New Jersey','US','18163','2021-09-01 09:17:55','2021-09-01 09:17:55',NULL),(81,1,86,'Destany','Schmitt','stokes.jamey@example.net','800.459.0290','5073 Terry Brook Suite 185','South Michael','Georgia','US','13119-1239','2021-09-01 09:17:55','2021-09-01 09:17:55',NULL),(82,1,94,'Shanon','Barrows','shany.baumbach@example.org','1-855-695-5080','4241 Dickinson Mall','Littleview','Missouri','US','10197','2021-09-01 09:17:55','2021-09-01 09:17:55',NULL),(83,1,59,'Cordell','Hansen','moses.streich@example.net','855.410.1454','7192 Spinka Isle Suite 323','Lake Griffintown','Alabama','US','33287-0838','2021-09-01 09:17:55','2021-09-01 09:17:55',NULL),(84,1,47,'Jake','Welch','vivien.spencer@example.com','(844) 313-2714','87393 Vicenta Pike Suite 145','East Dimitrihaven','Virginia','US','44952-8345','2021-09-01 09:17:55','2021-09-01 09:17:55',NULL),(85,1,85,'Kyra','Lesch','abergstrom@example.net','800.829.9821','76295 Dustin Terrace','Jenkinsland','North Dakota','US','76630','2021-09-01 09:17:55','2021-09-01 09:17:55',NULL),(86,1,4,'Enrico','Kulas','emelia.ortiz@example.org','(800) 267-9180','47497 Tevin Place','Goyetteland','West Virginia','US','44358-3514','2021-09-01 09:17:55','2021-09-01 09:17:55',NULL),(87,1,99,'Nayeli','Schumm','dhowe@example.com','1-866-498-7720','716 Strosin Views Suite 768','North Bethanyside','Illinois','US','94246','2021-09-01 09:17:55','2021-09-01 09:17:55',NULL),(88,1,9,'Ellen','Hane','sluettgen@example.org','888-991-0682','7249 Bayer Extensions','North Koleview','Tennessee','US','05147','2021-09-01 09:17:55','2021-09-01 09:17:55',NULL),(89,1,47,'Lenore','Feest','amani.dare@example.net','844-661-9524','52224 Horacio Orchard','Gradymouth','Minnesota','US','67563-2198','2021-09-01 09:17:55','2021-09-01 09:17:55',NULL),(90,1,21,'Andy','Sauer','scot.donnelly@example.org','866-559-7272','38348 Zulauf Lock Suite 718','Feltonborough','Kentucky','US','88110','2021-09-01 09:17:55','2021-09-01 09:17:55',NULL),(91,1,66,'Humberto','Rolfson','lorine13@example.com','800.902.8565','9811 Kylie Path Apt. 633','West Antonina','Pennsylvania','US','23849','2021-09-01 09:17:55','2021-09-01 09:17:55',NULL),(92,1,17,'Fritz','Dooley','geichmann@example.com','(844) 681-3580','779 Dicki Parks Suite 931','Velmatown','Missouri','US','82056-1907','2021-09-01 09:17:55','2021-09-01 09:17:55',NULL),(93,1,94,'Maynard','Kulas','edyth.raynor@example.org','1-800-835-7441','41491 Helga Way','East Arielle','Florida','US','90488','2021-09-01 09:17:55','2021-09-01 09:17:55',NULL),(94,1,89,'Ola','Turner','wiza.josue@example.net','1-888-288-0493','397 Adam Mountains','South Donshire','Montana','US','22031-7593','2021-09-01 09:17:55','2021-09-01 09:17:55',NULL),(95,1,5,'Tamia','Fahey','eebert@example.com','1-800-952-6460','86002 Crist Spring','Xzavierside','New Jersey','US','22790','2021-09-01 09:17:55','2021-09-01 09:17:55',NULL),(96,1,67,'Stan','Cassin','gerardo31@example.net','888-651-4327','84676 Savanah Rue','Opalfort','Utah','US','63263-2092','2021-09-01 09:17:55','2021-09-01 09:17:55',NULL),(97,1,22,'Ashlynn','Wilderman','easton88@example.net','1-888-277-8229','5823 Metz Lake Suite 792','West Delilahstad','Alaska','US','98114-7756','2021-09-01 09:17:55','2021-09-01 09:17:55',NULL),(98,1,85,'Carol','Lynch','fkohler@example.org','855-820-0856','98948 Alejandra Throughway','Lake Deeton','New Hampshire','US','51585','2021-09-01 09:17:55','2021-09-01 09:17:55',NULL),(99,1,67,'Lester','Prohaska','czieme@example.org','(866) 748-3796','7611 Ryder Spring','East Alexburgh','New Jersey','US','10883','2021-09-01 09:17:55','2021-09-01 09:17:55',NULL),(100,1,73,'Providenci','Aufderhar','ddeckow@example.org','844.526.2801','85348 Romaguera Lake Apt. 091','Howellburgh','Alabama','US','23279','2021-09-01 09:17:55','2021-09-01 09:17:55',NULL);
/*!40000 ALTER TABLE `contacts` ENABLE KEYS */;
UNLOCK TABLES;

--
-- Table structure for table `failed_jobs`
--

DROP TABLE IF EXISTS `failed_jobs`;
/*!40101 SET @saved_cs_client     = @@character_set_client */;
/*!50503 SET character_set_client = utf8mb4 */;
CREATE TABLE `failed_jobs` (
  `id` bigint unsigned NOT NULL AUTO_INCREMENT,
  `uuid` varchar(255) COLLATE utf8mb4_unicode_ci NOT NULL,
  `connection` text COLLATE utf8mb4_unicode_ci NOT NULL,
  `queue` text COLLATE utf8mb4_unicode_ci NOT NULL,
  `payload` longtext COLLATE utf8mb4_unicode_ci NOT NULL,
  `exception` longtext COLLATE utf8mb4_unicode_ci NOT NULL,
  `failed_at` timestamp NOT NULL DEFAULT CURRENT_TIMESTAMP,
  PRIMARY KEY (`id`),
  UNIQUE KEY `failed_jobs_uuid_unique` (`uuid`)
) ENGINE=InnoDB DEFAULT CHARSET=utf8mb4 COLLATE=utf8mb4_unicode_ci;
/*!40101 SET character_set_client = @saved_cs_client */;

--
-- Dumping data for table `failed_jobs`
--

LOCK TABLES `failed_jobs` WRITE;
/*!40000 ALTER TABLE `failed_jobs` DISABLE KEYS */;
/*!40000 ALTER TABLE `failed_jobs` ENABLE KEYS */;
UNLOCK TABLES;

--
-- Table structure for table `makeups`
--

DROP TABLE IF EXISTS `makeups`;
/*!40101 SET @saved_cs_client     = @@character_set_client */;
/*!50503 SET character_set_client = utf8mb4 */;
CREATE TABLE `makeups` (
  `id` bigint unsigned NOT NULL AUTO_INCREMENT,
  `email` varchar(255) COLLATE utf8mb4_unicode_ci NOT NULL,
  `name` varchar(255) COLLATE utf8mb4_unicode_ci NOT NULL,
  `status` int NOT NULL,
  `makeup_date` date NOT NULL,
  `description` text COLLATE utf8mb4_unicode_ci NOT NULL,
  `approved_by` varchar(255) COLLATE utf8mb4_unicode_ci DEFAULT NULL,
  `approval_date` date DEFAULT NULL,
  `created_at` timestamp NULL DEFAULT NULL,
  `updated_at` timestamp NULL DEFAULT NULL,
  `deleted_at` timestamp NULL DEFAULT NULL,
  PRIMARY KEY (`id`)
) ENGINE=InnoDB DEFAULT CHARSET=utf8mb4 COLLATE=utf8mb4_unicode_ci;
/*!40101 SET character_set_client = @saved_cs_client */;

--
-- Dumping data for table `makeups`
--

LOCK TABLES `makeups` WRITE;
/*!40000 ALTER TABLE `makeups` DISABLE KEYS */;
/*!40000 ALTER TABLE `makeups` ENABLE KEYS */;
UNLOCK TABLES;

--
-- Table structure for table `meetings`
--

DROP TABLE IF EXISTS `meetings`;
/*!40101 SET @saved_cs_client     = @@character_set_client */;
/*!50503 SET character_set_client = utf8mb4 */;
CREATE TABLE `meetings` (
  `id` bigint unsigned NOT NULL AUTO_INCREMENT,
  `uuid` varchar(255) COLLATE utf8mb4_unicode_ci NOT NULL,
  `meeting_id` varchar(255) COLLATE utf8mb4_unicode_ci NOT NULL,
  `host_id` varchar(255) COLLATE utf8mb4_unicode_ci NOT NULL,
  `topic` varchar(255) COLLATE utf8mb4_unicode_ci NOT NULL,
  `type` int NOT NULL,
  `start_time` datetime NOT NULL,
  `duration` int NOT NULL,
  `timezone` varchar(255) COLLATE utf8mb4_unicode_ci NOT NULL,
  `join_url` varchar(255) COLLATE utf8mb4_unicode_ci NOT NULL,
  `meeting_type` varchar(255) COLLATE utf8mb4_unicode_ci NOT NULL,
  `created_at` timestamp NULL DEFAULT NULL,
  `updated_at` timestamp NULL DEFAULT NULL,
  PRIMARY KEY (`id`),
  UNIQUE KEY `meetings_uuid_unique` (`uuid`),
  UNIQUE KEY `meetings_meeting_id_unique` (`meeting_id`)
) ENGINE=InnoDB AUTO_INCREMENT=13 DEFAULT CHARSET=utf8mb4 COLLATE=utf8mb4_unicode_ci;
/*!40101 SET character_set_client = @saved_cs_client */;

--
-- Dumping data for table `meetings`
--

LOCK TABLES `meetings` WRITE;
/*!40000 ALTER TABLE `meetings` DISABLE KEYS */;
INSERT INTO `meetings` VALUES (1,'b10815aa-64a4-3b5b-a998-e3c8e789feac','P301882799','debitis-fugiat-unde-veniam-laborum-neque-est','deserunt',1,'2021-08-30 23:27:31',90,'Africa/Nairobi','','Physical','2021-08-31 23:06:28','2021-09-01 09:17:56'),(2,'37525c5f-5e12-3423-97c3-372f8ee114c1','P679175409','ea-doloremque-similique-modi-rerum-earum-rerum','quia',1,'2021-08-31 00:24:09',42,'Africa/Nairobi','','Physical','2021-09-01 04:42:31','2021-09-01 09:17:56'),(3,'d2e3be4d-ec5a-3d9d-8ca8-b6ede29c7df6','P397652006','laudantium-iste-consequatur-dolorem-officia','doloribus',1,'2021-08-30 15:54:27',69,'Africa/Nairobi','','Physical','2021-08-29 04:37:37','2021-09-01 09:17:56'),(4,'00eab257-2911-35cd-92d6-9e310a3ccba6','P941784112','omnis-mollitia-aut-repudiandae-vel-maxime-est','qui',1,'2021-09-01 14:41:06',92,'Africa/Nairobi','','Physical','2021-08-31 18:14:39','2021-09-01 09:17:56'),(5,'fb546185-1350-3a2e-b6f2-e9946d72d9c9','P697537445','cupiditate-illum-deleniti-asperiores','eum',1,'2021-09-01 10:08:08',172,'Africa/Nairobi','','Physical','2021-08-31 13:17:04','2021-09-01 09:17:56'),(6,'3965dbe8-930d-34d2-bda0-bd94bcda10e0','P341411006','non-incidunt-sit-ea-est-rerum','quidem',1,'2021-08-31 18:45:50',14,'Africa/Nairobi','','Physical','2021-08-29 04:09:38','2021-09-01 09:17:56'),(7,'f73525a5-0b63-3889-8c5f-c8f1564b5317','P794510340','soluta-error-totam-qui-enim-itaque-labore-consequatur','aperiam',1,'2021-08-29 21:17:24',21,'Africa/Nairobi','','Physical','2021-08-31 17:29:42','2021-09-01 09:17:56'),(8,'9af84495-d821-3fc7-adf0-f886efa7bd56','P422933350','molestiae-beatae-eum-optio-impedit','libero',1,'2021-08-27 20:59:11',105,'Africa/Nairobi','','Physical','2021-08-30 19:33:39','2021-09-01 09:17:56'),(9,'b18508d8-6984-3d60-b1b5-7cc5cc5c0274','P242455561','deleniti-fuga-aliquid-aut-quia-atque','eius',1,'2021-09-01 10:09:57',169,'Africa/Nairobi','','Physical','2021-08-28 22:21:16','2021-09-01 09:17:56'),(10,'48cead92-9391-3341-a5e4-6b87e277e44c','P715458453','amet-assumenda-sed-quidem','culpa',1,'2021-09-01 06:19:07',143,'Africa/Nairobi','','Physical','2021-09-01 07:57:30','2021-09-01 09:17:56'),(11,'14247629-e4ed-31c2-809f-d4169e155bf4','P168480816','libero-dignissimos-ex-est-rem-non','ut',1,'2021-08-29 14:42:08',84,'Africa/Nairobi','','Physical','2021-08-31 02:22:38','2021-09-01 09:17:56'),(12,'1814f6f2-ae6a-393b-8e44-5c935e2c7270','P770161499','in-aut-eum-cum-voluptatem-et-distinctio-earum','et',1,'2021-08-31 18:02:09',61,'Africa/Nairobi','','Physical','2021-09-01 02:10:13','2021-09-01 09:17:56');
/*!40000 ALTER TABLE `meetings` ENABLE KEYS */;
UNLOCK TABLES;

--
-- Table structure for table `member_type`
--

DROP TABLE IF EXISTS `member_type`;
/*!40101 SET @saved_cs_client     = @@character_set_client */;
/*!50503 SET character_set_client = utf8mb4 */;
CREATE TABLE `member_type` (
  `member_id` bigint unsigned NOT NULL,
  `type_id` bigint unsigned NOT NULL,
  `created_at` timestamp NULL DEFAULT NULL,
  `updated_at` timestamp NULL DEFAULT NULL,
  PRIMARY KEY (`member_id`,`type_id`),
  KEY `member_type_member_id_index` (`member_id`),
  KEY `member_type_type_id_index` (`type_id`),
  CONSTRAINT `member_type_member_id_foreign` FOREIGN KEY (`member_id`) REFERENCES `members` (`id`) ON DELETE CASCADE,
  CONSTRAINT `member_type_type_id_foreign` FOREIGN KEY (`type_id`) REFERENCES `types` (`id`) ON DELETE CASCADE
) ENGINE=InnoDB DEFAULT CHARSET=utf8mb4 COLLATE=utf8mb4_unicode_ci;
/*!40101 SET character_set_client = @saved_cs_client */;

--
-- Dumping data for table `member_type`
--

LOCK TABLES `member_type` WRITE;
/*!40000 ALTER TABLE `member_type` DISABLE KEYS */;
INSERT INTO `member_type` VALUES (1,1,NULL,NULL),(2,2,NULL,NULL),(3,1,NULL,NULL),(4,2,NULL,NULL),(5,1,NULL,NULL),(6,1,NULL,NULL),(7,1,NULL,NULL),(8,1,NULL,NULL),(9,1,NULL,NULL),(10,2,NULL,NULL),(11,2,NULL,NULL),(12,2,NULL,NULL),(13,1,NULL,NULL),(14,1,NULL,NULL),(15,1,NULL,NULL),(16,2,NULL,NULL),(17,1,NULL,NULL),(18,1,NULL,NULL),(19,1,NULL,NULL),(20,1,NULL,NULL),(21,2,NULL,NULL),(22,1,NULL,NULL),(23,2,NULL,NULL),(24,1,NULL,NULL),(25,1,NULL,NULL),(26,2,NULL,NULL),(27,1,NULL,NULL),(28,2,NULL,NULL),(29,2,NULL,NULL),(30,2,NULL,NULL),(31,2,NULL,NULL),(32,1,NULL,NULL),(33,2,NULL,NULL),(34,1,NULL,NULL),(35,2,NULL,NULL),(36,1,NULL,NULL),(37,1,NULL,NULL),(38,1,NULL,NULL),(39,2,NULL,NULL),(40,1,NULL,NULL),(41,1,NULL,NULL),(42,2,NULL,NULL),(43,1,NULL,NULL),(44,2,NULL,NULL),(45,2,NULL,NULL),(46,2,NULL,NULL),(47,1,NULL,NULL),(48,2,NULL,NULL),(49,2,NULL,NULL),(50,1,NULL,NULL),(51,2,NULL,NULL),(52,2,NULL,NULL),(53,2,NULL,NULL),(54,2,NULL,NULL),(55,2,NULL,NULL),(56,2,NULL,NULL),(57,1,NULL,NULL),(58,2,NULL,NULL),(59,1,NULL,NULL),(60,2,NULL,NULL),(61,2,NULL,NULL),(62,1,NULL,NULL),(63,1,NULL,NULL),(64,2,NULL,NULL),(65,1,NULL,NULL),(66,2,NULL,NULL),(67,1,NULL,NULL),(68,1,NULL,NULL),(69,2,NULL,NULL),(70,1,NULL,NULL),(71,2,NULL,NULL),(72,2,NULL,NULL),(73,2,NULL,NULL),(74,2,NULL,NULL),(75,2,NULL,NULL),(76,2,NULL,NULL),(77,1,NULL,NULL),(78,2,NULL,NULL),(79,2,NULL,NULL),(80,2,NULL,NULL),(81,2,NULL,NULL),(82,2,NULL,NULL),(83,1,NULL,NULL),(84,2,NULL,NULL),(85,1,NULL,NULL),(86,2,NULL,NULL),(87,2,NULL,NULL),(88,2,NULL,NULL),(89,1,NULL,NULL),(90,1,NULL,NULL),(91,2,NULL,NULL),(92,1,NULL,NULL),(93,1,NULL,NULL),(94,1,NULL,NULL),(95,1,NULL,NULL),(96,2,NULL,NULL),(97,2,NULL,NULL),(98,1,NULL,NULL),(99,2,NULL,NULL),(100,2,NULL,NULL),(101,2,NULL,NULL),(102,2,NULL,NULL),(103,1,NULL,NULL),(104,2,NULL,NULL),(105,1,NULL,NULL),(106,1,NULL,NULL),(107,2,NULL,NULL),(108,2,NULL,NULL),(109,1,NULL,NULL),(110,1,NULL,NULL),(111,1,NULL,NULL),(112,2,NULL,NULL),(113,1,NULL,NULL),(114,2,NULL,NULL),(115,1,NULL,NULL),(116,2,NULL,NULL),(117,1,NULL,NULL),(118,2,NULL,NULL),(119,2,NULL,NULL),(120,1,NULL,NULL);
/*!40000 ALTER TABLE `member_type` ENABLE KEYS */;
UNLOCK TABLES;

--
-- Table structure for table `members`
--

DROP TABLE IF EXISTS `members`;
/*!40101 SET @saved_cs_client     = @@character_set_client */;
/*!50503 SET character_set_client = utf8mb4 */;
CREATE TABLE `members` (
  `id` bigint unsigned NOT NULL AUTO_INCREMENT,
  `name` varchar(100) COLLATE utf8mb4_unicode_ci NOT NULL,
  `member_id` varchar(255) COLLATE utf8mb4_unicode_ci NOT NULL,
  `email` varchar(255) COLLATE utf8mb4_unicode_ci NOT NULL,
  `phone` varchar(255) COLLATE utf8mb4_unicode_ci DEFAULT NULL,
  `affiliation_id` int DEFAULT NULL,
  `type_id` int DEFAULT NULL,
  `created_at` timestamp NULL DEFAULT NULL,
  `updated_at` timestamp NULL DEFAULT NULL,
  `active` tinyint(1) DEFAULT '0',
  `deleted_at` timestamp NULL DEFAULT NULL,
  PRIMARY KEY (`id`),
  UNIQUE KEY `members_email_unique` (`email`),
  UNIQUE KEY `members_phone_unique` (`phone`)
) ENGINE=InnoDB AUTO_INCREMENT=121 DEFAULT CHARSET=utf8mb4 COLLATE=utf8mb4_unicode_ci;
/*!40101 SET character_set_client = @saved_cs_client */;

--
-- Dumping data for table `members`
--

LOCK TABLES `members` WRITE;
/*!40000 ALTER TABLE `members` DISABLE KEYS */;
INSERT INTO `members` VALUES (1,'Ruthe Kohler','zoe.wuckert@example.com','adriana98@example.net','815-934-8363',3,1,'2021-09-01 09:17:55','2021-09-01 09:17:55',0,NULL),(2,'Brown Jenkins','effertz.cole@example.net','katharina49@example.net','1-434-302-3817',3,2,'2021-09-01 09:17:55','2021-09-01 09:17:55',0,NULL),(3,'Prof. Mireya Pfeffer','goyette.benton@example.net','qmorar@example.org','1-352-676-1595',3,1,'2021-09-01 09:17:55','2021-09-01 09:17:55',0,NULL),(4,'Florence Effertz','xkunze@example.com','ffeest@example.org','854-410-3200',3,2,'2021-09-01 09:17:55','2021-09-01 09:17:55',0,NULL),(5,'Aurore Nolan','dovie52@example.net','vgusikowski@example.com','1-425-534-4136',2,1,'2021-09-01 09:17:55','2021-09-01 09:17:55',0,NULL),(6,'Muriel Stiedemann','vhill@example.org','lilly.flatley@example.net','+12346001556',1,1,'2021-09-01 09:17:55','2021-09-01 09:17:55',0,NULL),(7,'Nickolas Halvorson','dimitri98@example.net','fbrakus@example.net','1-831-965-7366',1,1,'2021-09-01 09:17:55','2021-09-01 09:17:55',0,NULL),(8,'Meaghan Hettinger','willy.schulist@example.org','samara19@example.com','+1-414-331-8826',1,1,'2021-09-01 09:17:55','2021-09-01 09:17:55',0,NULL),(9,'Karlie McGlynn I','ckirlin@example.net','heaven.kirlin@example.org','+14148907451',2,1,'2021-09-01 09:17:55','2021-09-01 09:17:55',0,NULL),(10,'Kieran Green','antone.ratke@example.org','goodwin.kaley@example.org','820-921-5875',2,2,'2021-09-01 09:17:55','2021-09-01 09:17:55',0,NULL),(11,'Giovanny Murray','feest.rubye@example.net','brianne.conroy@example.com','+15419896719',2,2,'2021-09-01 09:17:55','2021-09-01 09:17:55',0,NULL),(12,'Alanis Wyman','zechariah.morar@example.com','triston97@example.com','440-676-1717',1,2,'2021-09-01 09:17:55','2021-09-01 09:17:55',0,NULL),(13,'Mr. Winston Wyman','ovonrueden@example.com','erich.jacobs@example.net','+1.725.687.8349',2,1,'2021-09-01 09:17:55','2021-09-01 09:17:55',0,NULL),(14,'Dr. Ismael Shields','praynor@example.org','deshaun66@example.net','406.665.3818',3,1,'2021-09-01 09:17:55','2021-09-01 09:17:55',0,NULL),(15,'Dr. Flavio Renner PhD','wilfredo61@example.org','kris.rogahn@example.com','+1 (364) 538-4923',2,1,'2021-09-01 09:17:55','2021-09-01 09:17:55',0,NULL),(16,'Berenice Runte','lreynolds@example.org','slittel@example.com','470.805.6406',2,2,'2021-09-01 09:17:55','2021-09-01 09:17:55',0,NULL),(17,'Noelia Beer','gusikowski.shannon@example.org','hessel.rashawn@example.com','+1.662.882.3169',3,1,'2021-09-01 09:17:55','2021-09-01 09:17:55',0,NULL),(18,'Tony Durgan','nebert@example.org','darryl.ledner@example.com','+17379367449',3,1,'2021-09-01 09:17:55','2021-09-01 09:17:55',0,NULL),(19,'Annabelle Bauch','maximillia.koch@example.org','vbernhard@example.net','+1 (430) 791-4601',1,1,'2021-09-01 09:17:55','2021-09-01 09:17:55',0,NULL),(20,'Katlynn Konopelski DVM','louisa03@example.net','kale62@example.com','585.490.8054',2,1,'2021-09-01 09:17:55','2021-09-01 09:17:55',0,NULL),(21,'Lisette Baumbach MD','enrique.hand@example.net','arau@example.org','(765) 507-2548',2,2,'2021-09-01 09:17:55','2021-09-01 09:17:55',0,NULL),(22,'Prof. Francisco Schimmel','carter.kiarra@example.com','whowe@example.net','850.896.9176',3,1,'2021-09-01 09:17:55','2021-09-01 09:17:55',0,NULL),(23,'Camron Beatty IV','kale20@example.net','ernie32@example.com','+1-262-293-4740',1,2,'2021-09-01 09:17:55','2021-09-01 09:17:55',0,NULL),(24,'Zander Waelchi','douglas.ansley@example.net','bryon54@example.org','1-678-938-2498',3,1,'2021-09-01 09:17:55','2021-09-01 09:17:55',0,NULL),(25,'Omari Cartwright','bosco.jessica@example.org','hjast@example.net','1-432-531-7526',3,1,'2021-09-01 09:17:55','2021-09-01 09:17:55',0,NULL),(26,'Dr. Valerie Hyatt','kole.thiel@example.net','emanuel.kemmer@example.net','(631) 930-0280',1,2,'2021-09-01 09:17:55','2021-09-01 09:17:55',0,NULL),(27,'Dimitri Jenkins DVM','lawrence.sanford@example.net','eondricka@example.com','+1.314.624.0708',2,1,'2021-09-01 09:17:55','2021-09-01 09:17:55',0,NULL),(28,'Ms. Billie Hodkiewicz MD','ekonopelski@example.net','gwalter@example.com','1-660-462-3342',3,2,'2021-09-01 09:17:55','2021-09-01 09:17:55',0,NULL),(29,'Tyree Kuhlman PhD','sipes.dorthy@example.org','pink.vandervort@example.net','929.736.6572',2,2,'2021-09-01 09:17:55','2021-09-01 09:17:55',0,NULL),(30,'Adell Bode PhD','goldner.hayden@example.com','lturcotte@example.net','+16782546287',1,2,'2021-09-01 09:17:55','2021-09-01 09:17:55',0,NULL),(31,'Lavon Beatty','carlos.fisher@example.org','lempi.gutmann@example.net','+1-561-365-3709',2,2,'2021-09-01 09:17:55','2021-09-01 09:17:55',0,NULL),(32,'Jeffry Schmitt','pamela18@example.net','kreiger.xander@example.com','+1-309-948-2270',2,1,'2021-09-01 09:17:55','2021-09-01 09:17:55',0,NULL),(33,'Benton Boyer','waylon98@example.com','dahlia40@example.net','+1-380-201-9970',3,2,'2021-09-01 09:17:55','2021-09-01 09:17:55',0,NULL),(34,'Marielle Bernier','rosalee72@example.com','hirthe.damon@example.org','1-570-515-5806',1,1,'2021-09-01 09:17:55','2021-09-01 09:17:55',0,NULL),(35,'Jordyn Corwin Sr.','rbartell@example.org','tomasa.smitham@example.org','347-341-6436',3,2,'2021-09-01 09:17:55','2021-09-01 09:17:55',0,NULL),(36,'Bud Mosciski','jammie22@example.org','nitzsche.dario@example.org','1-954-387-1801',3,1,'2021-09-01 09:17:55','2021-09-01 09:17:55',0,NULL),(37,'Christopher Farrell','gage.funk@example.org','losinski@example.com','970-354-8833',2,1,'2021-09-01 09:17:55','2021-09-01 09:17:55',0,NULL),(38,'Lyla Bartoletti','tortiz@example.com','jacynthe44@example.com','1-435-708-2678',2,1,'2021-09-01 09:17:55','2021-09-01 09:17:55',0,NULL),(39,'Kaya Kuphal','dietrich.florencio@example.org','mgislason@example.org','616.626.7172',3,2,'2021-09-01 09:17:55','2021-09-01 09:17:55',0,NULL),(40,'Miss Rosemary Schuster','tskiles@example.net','melody.littel@example.org','+1.820.323.8399',1,1,'2021-09-01 09:17:55','2021-09-01 09:17:55',0,NULL),(41,'Clovis Kutch II','awiza@example.com','bvandervort@example.org','678-428-0904',1,1,'2021-09-01 09:17:55','2021-09-01 09:17:55',0,NULL),(42,'Miguel Veum','kaela.kihn@example.com','ulangosh@example.com','(636) 509-3164',2,2,'2021-09-01 09:17:55','2021-09-01 09:17:55',0,NULL),(43,'Rosalia Yundt','lbins@example.org','bartoletti.bianka@example.com','(267) 533-8041',1,1,'2021-09-01 09:17:55','2021-09-01 09:17:55',0,NULL),(44,'Melody Lemke','reynolds.constantin@example.org','ssauer@example.net','+12397708599',2,2,'2021-09-01 09:17:55','2021-09-01 09:17:55',0,NULL),(45,'Agustina Kunde IV','akeeling@example.com','isidro.daugherty@example.org','(351) 407-9687',3,2,'2021-09-01 09:17:55','2021-09-01 09:17:55',0,NULL),(46,'Albert Lubowitz','marlee89@example.com','julius.cassin@example.org','+1.747.466.3207',2,2,'2021-09-01 09:17:55','2021-09-01 09:17:55',0,NULL),(47,'Lexi Runolfsson','cfunk@example.com','linnie94@example.net','+1-203-487-6707',2,1,'2021-09-01 09:17:55','2021-09-01 09:17:55',0,NULL),(48,'Mr. Edwardo Friesen','reanna.bernier@example.net','denesik.arnaldo@example.org','351.641.3576',1,2,'2021-09-01 09:17:55','2021-09-01 09:17:55',0,NULL),(49,'Samanta Ledner','cmurphy@example.org','uriah96@example.org','(820) 367-2507',3,2,'2021-09-01 09:17:55','2021-09-01 09:17:55',0,NULL),(50,'Kiel Yundt','henri.abernathy@example.org','meredith.christiansen@example.com','1-279-876-7654',3,1,'2021-09-01 09:17:55','2021-09-01 09:17:55',0,NULL),(51,'Mr. Samson Schowalter Jr.','pfeffer.emelia@example.net','pparisian@example.org','+1-603-285-6320',2,2,'2021-09-01 09:17:55','2021-09-01 09:17:55',0,NULL),(52,'Libby Bogan DDS','gloria.wilderman@example.org','pmclaughlin@example.net','406-323-1197',2,2,'2021-09-01 09:17:55','2021-09-01 09:17:55',0,NULL),(53,'Helena Schimmel','misty38@example.org','euna.erdman@example.net','859-640-0830',3,2,'2021-09-01 09:17:55','2021-09-01 09:17:55',0,NULL),(54,'Cruz Langosh','tleffler@example.com','myriam.kilback@example.com','972-630-5133',1,2,'2021-09-01 09:17:55','2021-09-01 09:17:55',0,NULL),(55,'Leo Schuster','riley36@example.net','uschimmel@example.org','+1-346-288-5679',3,2,'2021-09-01 09:17:55','2021-09-01 09:17:55',0,NULL),(56,'Prof. Zackary Pfannerstill','kschoen@example.com','delpha32@example.org','(352) 681-7841',2,2,'2021-09-01 09:17:55','2021-09-01 09:17:55',0,NULL),(57,'Danielle Sauer','hilbert.schimmel@example.org','hbahringer@example.org','903.719.5216',1,1,'2021-09-01 09:17:55','2021-09-01 09:17:55',0,NULL),(58,'Prof. Clovis Reinger','hegmann.julio@example.net','myrna21@example.com','785-672-6779',3,2,'2021-09-01 09:17:55','2021-09-01 09:17:55',0,NULL),(59,'Laurianne Parker','keshaun17@example.com','franecki.florian@example.com','+1 (617) 991-9682',3,1,'2021-09-01 09:17:55','2021-09-01 09:17:55',0,NULL),(60,'Ignatius Haley','dietrich.jaron@example.net','braun.dejon@example.org','+1-801-520-1466',3,2,'2021-09-01 09:17:55','2021-09-01 09:17:55',0,NULL),(61,'Aubrey Witting','adams.fabiola@example.net','jude.schmidt@example.net','+1-704-222-0035',3,2,'2021-09-01 09:17:55','2021-09-01 09:17:55',0,NULL),(62,'Ardella Armstrong','maye36@example.org','hills.francis@example.com','+1 (323) 778-6150',3,1,'2021-09-01 09:17:55','2021-09-01 09:17:55',0,NULL),(63,'Elouise Bradtke','hlueilwitz@example.org','jeramy.watsica@example.org','+1-737-264-4062',3,1,'2021-09-01 09:17:55','2021-09-01 09:17:55',0,NULL),(64,'Germaine Hoppe Sr.','dare.brock@example.net','kobe.miller@example.net','+1-341-635-0584',3,2,'2021-09-01 09:17:55','2021-09-01 09:17:55',0,NULL),(65,'Dewayne O\'Kon','dillon.greenholt@example.com','wilber.conroy@example.net','(708) 221-9970',2,1,'2021-09-01 09:17:55','2021-09-01 09:17:55',0,NULL),(66,'Ms. Callie Hartmann PhD','stephanie.gutmann@example.org','timmy.padberg@example.net','618-518-8747',2,2,'2021-09-01 09:17:55','2021-09-01 09:17:55',0,NULL),(67,'Sandra Turcotte','kwest@example.com','brad.bartell@example.org','+1.818.607.8259',3,1,'2021-09-01 09:17:55','2021-09-01 09:17:55',0,NULL),(68,'Adonis Waters','auer.angel@example.com','ally08@example.org','+1 (434) 210-3559',1,1,'2021-09-01 09:17:55','2021-09-01 09:17:55',0,NULL),(69,'Vena Herzog','beatty.liliana@example.org','pearline.barton@example.net','+1.904.838.3738',1,2,'2021-09-01 09:17:55','2021-09-01 09:17:55',0,NULL),(70,'Ms. Clotilde Lehner','tommie30@example.com','onie.wunsch@example.com','1-240-906-7970',2,1,'2021-09-01 09:17:55','2021-09-01 09:17:55',0,NULL),(71,'Shanna Rodriguez','fmarquardt@example.com','general.simonis@example.net','(470) 941-9328',2,2,'2021-09-01 09:17:55','2021-09-01 09:17:55',0,NULL),(72,'Dominique Hettinger MD','verona.cormier@example.org','reba64@example.org','+18604337746',3,2,'2021-09-01 09:17:55','2021-09-01 09:17:55',0,NULL),(73,'Granville Boyle','donavon99@example.com','aiden.waters@example.com','(718) 998-6485',1,2,'2021-09-01 09:17:55','2021-09-01 09:17:55',0,NULL),(74,'Cory Torphy','runolfsdottir.cruz@example.net','jefferey.wyman@example.org','+1-863-386-6675',3,2,'2021-09-01 09:17:55','2021-09-01 09:17:55',0,NULL),(75,'Lisandro Nienow DDS','delaney.oconnell@example.com','abbey.stanton@example.net','+1-458-377-7406',3,2,'2021-09-01 09:17:55','2021-09-01 09:17:55',0,NULL),(76,'Prof. Lavon Fahey V','whudson@example.com','tillman.johnny@example.com','+17866245950',1,2,'2021-09-01 09:17:55','2021-09-01 09:17:55',0,NULL),(77,'Emilia Brekke','corwin.adele@example.com','bbode@example.net','1-470-933-0343',1,1,'2021-09-01 09:17:55','2021-09-01 09:17:55',0,NULL),(78,'D\'angelo Grady','vito.pacocha@example.com','swaniawski.dallin@example.com','(539) 989-6288',2,2,'2021-09-01 09:17:55','2021-09-01 09:17:55',0,NULL),(79,'Eden Goodwin II','beverly59@example.org','nader.baron@example.org','1-786-237-1596',3,2,'2021-09-01 09:17:55','2021-09-01 09:17:55',0,NULL),(80,'Domenick Nolan','abagail.buckridge@example.org','schimmel.theo@example.net','301.574.9016',2,2,'2021-09-01 09:17:55','2021-09-01 09:17:55',0,NULL),(81,'Mrs. Shawna Jaskolski MD','yquitzon@example.net','julia39@example.net','+13195523171',3,2,'2021-09-01 09:17:55','2021-09-01 09:17:55',0,NULL),(82,'Elmer Russel','rossie65@example.org','bailey.gilbert@example.org','(430) 581-5097',1,2,'2021-09-01 09:17:55','2021-09-01 09:17:55',0,NULL),(83,'Gaston Marks','hobart10@example.org','loren74@example.net','+1-731-392-5798',3,1,'2021-09-01 09:17:55','2021-09-01 09:17:55',0,NULL),(84,'Joelle Raynor','yhand@example.org','vaughn.franecki@example.org','+1 (813) 908-4776',3,2,'2021-09-01 09:17:55','2021-09-01 09:17:55',0,NULL),(85,'Eliza Mante','towne.lorenz@example.org','amiller@example.net','323.337.9431',2,1,'2021-09-01 09:17:55','2021-09-01 09:17:55',0,NULL),(86,'Nikki Lueilwitz','schowalter.bud@example.org','bechtelar.adeline@example.org','402.893.8080',3,2,'2021-09-01 09:17:55','2021-09-01 09:17:55',0,NULL),(87,'Juston Ziemann','darby30@example.org','filiberto.hyatt@example.org','+1.380.207.7159',2,2,'2021-09-01 09:17:55','2021-09-01 09:17:55',0,NULL),(88,'Rosamond Schamberger II','betsy.halvorson@example.com','atromp@example.com','+1.858.393.5441',3,2,'2021-09-01 09:17:55','2021-09-01 09:17:55',0,NULL),(89,'Hilda Ward','zquitzon@example.net','block.patience@example.net','813.291.9459',1,1,'2021-09-01 09:17:55','2021-09-01 09:17:55',0,NULL),(90,'Dr. Evangeline Wiza IV','lesch.omari@example.net','hane.porter@example.net','+1-385-625-9064',2,1,'2021-09-01 09:17:55','2021-09-01 09:17:55',0,NULL),(91,'Jayne Kohler','juana.herzog@example.org','connelly.winnifred@example.org','320-823-9365',2,2,'2021-09-01 09:17:55','2021-09-01 09:17:55',0,NULL),(92,'Ubaldo Stanton','juliana.hammes@example.net','patience.nitzsche@example.org','(629) 950-2759',2,1,'2021-09-01 09:17:55','2021-09-01 09:17:55',0,NULL),(93,'Amie Kovacek','lizzie71@example.com','altenwerth.betty@example.org','1-520-392-0152',2,1,'2021-09-01 09:17:55','2021-09-01 09:17:55',0,NULL),(94,'Pansy Barton','jonatan.carter@example.net','trunte@example.net','252-216-8052',1,1,'2021-09-01 09:17:55','2021-09-01 09:17:55',0,NULL),(95,'Sunny Metz','xking@example.com','bud97@example.net','(531) 270-5683',2,1,'2021-09-01 09:17:55','2021-09-01 09:17:55',0,NULL),(96,'Ms. Breanne Stroman DVM','margaretta.waelchi@example.net','zoila.schiller@example.com','475-722-7831',3,2,'2021-09-01 09:17:55','2021-09-01 09:17:55',0,NULL),(97,'Micheal Schowalter','murray15@example.org','kmcglynn@example.com','+13463407925',2,2,'2021-09-01 09:17:55','2021-09-01 09:17:55',0,NULL),(98,'Prof. Maximillia Sporer MD','roselyn.waelchi@example.net','emard.grady@example.net','+1-910-753-2248',2,1,'2021-09-01 09:17:55','2021-09-01 09:17:55',0,NULL),(99,'Katlynn Hoppe','wilton65@example.org','kshlerin.cale@example.org','+13643852137',2,2,'2021-09-01 09:17:55','2021-09-01 09:17:55',0,NULL),(100,'Tod Littel IV','juston.schaden@example.net','kelly.ernser@example.com','+14806634982',2,2,'2021-09-01 09:17:55','2021-09-01 09:17:55',0,NULL),(101,'Prof. Tavares Walter I','zella.konopelski@example.com','nhartmann@example.org','+1.331.729.2505',3,2,'2021-09-01 09:17:55','2021-09-01 09:17:55',0,NULL),(102,'Prof. Lois Erdman','labadie.jedidiah@example.net','dock.hill@example.net','616-260-7176',2,2,'2021-09-01 09:17:55','2021-09-01 09:17:55',0,NULL),(103,'Charles Aufderhar','bethel75@example.net','jaquan.cruickshank@example.org','+1.458.361.4311',3,1,'2021-09-01 09:17:55','2021-09-01 09:17:55',0,NULL),(104,'Mr. Mario Boehm DDS','lorna89@example.org','dorothea62@example.net','(302) 948-3531',2,2,'2021-09-01 09:17:55','2021-09-01 09:17:55',0,NULL),(105,'Jonas Mayert','leora46@example.com','angelica.schimmel@example.net','+1.559.637.6554',1,1,'2021-09-01 09:17:55','2021-09-01 09:17:55',0,NULL),(106,'Fidel Schmeler IV','rmclaughlin@example.org','alexa29@example.com','1-601-460-0874',2,1,'2021-09-01 09:17:55','2021-09-01 09:17:55',0,NULL),(107,'Prof. Pietro Yundt','amir.connelly@example.net','johnston.asa@example.org','(831) 784-1152',1,2,'2021-09-01 09:17:55','2021-09-01 09:17:55',0,NULL),(108,'Ozella Prosacco','eterry@example.org','ggerlach@example.net','240-203-4202',3,2,'2021-09-01 09:17:55','2021-09-01 09:17:55',0,NULL),(109,'Vivian Considine','alvina.franecki@example.com','terry.winston@example.org','1-908-909-1236',3,1,'2021-09-01 09:17:55','2021-09-01 09:17:55',0,NULL),(110,'Felton Jakubowski','kyla.willms@example.com','estell18@example.net','1-815-476-2910',2,1,'2021-09-01 09:17:55','2021-09-01 09:17:55',0,NULL),(111,'Mr. Lawson Rempel','orie.towne@example.org','ahauck@example.com','+1 (563) 781-7375',2,1,'2021-09-01 09:17:55','2021-09-01 09:17:55',0,NULL),(112,'Carmela Bailey','kling.sebastian@example.net','koelpin.ludie@example.org','726.777.9381',2,2,'2021-09-01 09:17:55','2021-09-01 09:17:55',0,NULL),(113,'Stan Kerluke Sr.','wilton.ohara@example.net','tanner.bashirian@example.com','+1.785.487.5935',2,1,'2021-09-01 09:17:55','2021-09-01 09:17:55',0,NULL),(114,'Ursula Parker','minerva24@example.net','yadira72@example.net','1-302-582-6685',2,2,'2021-09-01 09:17:55','2021-09-01 09:17:55',0,NULL),(115,'Arvilla Runte','bdach@example.com','sasha.sauer@example.org','848-265-0146',2,1,'2021-09-01 09:17:55','2021-09-01 09:17:55',0,NULL),(116,'Zackery Goyette','grimes.hollis@example.org','darby.borer@example.org','+1-380-382-7253',3,2,'2021-09-01 09:17:55','2021-09-01 09:17:55',0,NULL),(117,'Prof. Bradly Steuber PhD','nprohaska@example.net','jenkins.zackery@example.net','530.512.3479',2,1,'2021-09-01 09:17:55','2021-09-01 09:17:55',0,NULL),(118,'Margret Bartoletti','ida.reichel@example.net','terrill.osinski@example.org','+1-531-593-6586',1,2,'2021-09-01 09:17:55','2021-09-01 09:17:55',0,NULL),(119,'Annamarie Hermann','nlang@example.org','wilton73@example.net','+17472315645',2,2,'2021-09-01 09:17:55','2021-09-01 09:17:55',0,NULL),(120,'Connie Pacocha DVM','herman.joan@example.net','cecilia.jacobson@example.org','(347) 826-7215',3,1,'2021-09-01 09:17:55','2021-09-01 09:17:55',0,NULL);
/*!40000 ALTER TABLE `members` ENABLE KEYS */;
UNLOCK TABLES;

--
-- Table structure for table `migrations`
--

DROP TABLE IF EXISTS `migrations`;
/*!40101 SET @saved_cs_client     = @@character_set_client */;
/*!50503 SET character_set_client = utf8mb4 */;
CREATE TABLE `migrations` (
  `id` int unsigned NOT NULL AUTO_INCREMENT,
  `migration` varchar(255) COLLATE utf8mb4_unicode_ci NOT NULL,
  `batch` int NOT NULL,
  PRIMARY KEY (`id`)
) ENGINE=InnoDB AUTO_INCREMENT=20 DEFAULT CHARSET=utf8mb4 COLLATE=utf8mb4_unicode_ci;
/*!40101 SET character_set_client = @saved_cs_client */;

--
-- Dumping data for table `migrations`
--

LOCK TABLES `migrations` WRITE;
/*!40000 ALTER TABLE `migrations` DISABLE KEYS */;
INSERT INTO `migrations` VALUES (1,'2020_01_01_000001_create_password_resets_table',1),(2,'2020_01_01_000002_create_failed_jobs_table',1),(3,'2020_01_01_000003_create_accounts_table',1),(4,'2020_01_01_000004_create_users_table',1),(5,'2020_01_01_000005_create_organizations_table',1),(6,'2020_01_01_000006_create_contacts_table',1),(7,'2021_08_25_014800_create_members_table',1),(8,'2021_08_25_020432_create_types_table',1),(9,'2021_08_25_020451_create_affiliations_table',1),(10,'2021_08_25_020856_create_member_type_pivot_table',1),(11,'2021_08_25_020907_create_affiliation_member_pivot_table',1),(12,'2021_08_25_064644_add_active_to_members_table',1),(13,'2021_08_25_074711_add_soft_delete_to_members',1),(14,'2021_08_28_103942_create_setup_table',1),(15,'2021_08_29_074131_create_table_zoom_users',1),(16,'2021_08_29_123619_create_zoom_tokens_table',1),(17,'2021_08_29_164918_create_meetings_table',1),(18,'2021_08_30_204030_create_makeups_table',1),(19,'2021_08_31_062814_create_registrants_table',1);
/*!40000 ALTER TABLE `migrations` ENABLE KEYS */;
UNLOCK TABLES;

--
-- Table structure for table `organizations`
--

DROP TABLE IF EXISTS `organizations`;
/*!40101 SET @saved_cs_client     = @@character_set_client */;
/*!50503 SET character_set_client = utf8mb4 */;
CREATE TABLE `organizations` (
  `id` int unsigned NOT NULL AUTO_INCREMENT,
  `account_id` int NOT NULL,
  `name` varchar(100) COLLATE utf8mb4_unicode_ci NOT NULL,
  `email` varchar(50) COLLATE utf8mb4_unicode_ci DEFAULT NULL,
  `phone` varchar(50) COLLATE utf8mb4_unicode_ci DEFAULT NULL,
  `address` varchar(150) COLLATE utf8mb4_unicode_ci DEFAULT NULL,
  `city` varchar(50) COLLATE utf8mb4_unicode_ci DEFAULT NULL,
  `region` varchar(50) COLLATE utf8mb4_unicode_ci DEFAULT NULL,
  `country` varchar(2) COLLATE utf8mb4_unicode_ci DEFAULT NULL,
  `postal_code` varchar(25) COLLATE utf8mb4_unicode_ci DEFAULT NULL,
  `created_at` timestamp NULL DEFAULT NULL,
  `updated_at` timestamp NULL DEFAULT NULL,
  `deleted_at` timestamp NULL DEFAULT NULL,
  PRIMARY KEY (`id`),
  KEY `organizations_account_id_index` (`account_id`)
) ENGINE=InnoDB AUTO_INCREMENT=101 DEFAULT CHARSET=utf8mb4 COLLATE=utf8mb4_unicode_ci;
/*!40101 SET character_set_client = @saved_cs_client */;

--
-- Dumping data for table `organizations`
--

LOCK TABLES `organizations` WRITE;
/*!40000 ALTER TABLE `organizations` DISABLE KEYS */;
INSERT INTO `organizations` VALUES (1,1,'Will, Lemke and Carroll','roberts.roman@rau.biz','855-886-7602','74679 Jamel Drives','Weimannland','Nebraska','US','08959','2021-09-01 09:17:54','2021-09-01 09:17:54',NULL),(2,1,'Fay Group','wpacocha@beahan.com','844-859-8633','35837 McClure Mission Suite 860','Quinnshire','Rhode Island','US','65092','2021-09-01 09:17:54','2021-09-01 09:17:54',NULL),(3,1,'Stehr Inc','grayson73@auer.net','866.719.0386','76066 O\'Conner Prairie Apt. 872','East Hiram','Missouri','US','39666-9072','2021-09-01 09:17:54','2021-09-01 09:17:54',NULL),(4,1,'Graham, Reichel and Emmerich','rabbott@swift.com','1-844-645-6688','232 Gislason Unions','Tyreekland','Mississippi','US','16353-6113','2021-09-01 09:17:54','2021-09-01 09:17:54',NULL),(5,1,'Bechtelar-Gaylord','velda.feest@cassin.info','(866) 491-1280','97561 Rippin Locks Suite 677','Aronberg','Arkansas','US','64522','2021-09-01 09:17:54','2021-09-01 09:17:54',NULL),(6,1,'Kutch, Sawayn and Rippin','dkassulke@wuckert.net','1-800-700-8110','16093 Turner Spurs','South Jermaintown','California','US','64072-8307','2021-09-01 09:17:54','2021-09-01 09:17:54',NULL),(7,1,'Tremblay-Kerluke','shany66@wiegand.com','1-855-283-8367','137 Nienow Knoll','Lake Winnifred','Tennessee','US','74207-9485','2021-09-01 09:17:54','2021-09-01 09:17:54',NULL),(8,1,'Jenkins PLC','rwolf@renner.org','(844) 349-5005','9069 Dennis Loaf Apt. 675','New Enola','Iowa','US','13411','2021-09-01 09:17:54','2021-09-01 09:17:54',NULL),(9,1,'Predovic Inc','akertzmann@reinger.info','(844) 893-5150','61063 Isabell Road Suite 346','Elisetown','Nebraska','US','25064-8243','2021-09-01 09:17:54','2021-09-01 09:17:54',NULL),(10,1,'Balistreri-Greenholt','mariano23@heathcote.com','(888) 884-8948','2185 Turcotte Summit','East Andres','North Dakota','US','95611','2021-09-01 09:17:54','2021-09-01 09:17:54',NULL),(11,1,'Howell PLC','schmitt.lempi@hirthe.org','1-855-515-3397','111 Schaefer Row Suite 913','Jerdeland','Delaware','US','10486','2021-09-01 09:17:54','2021-09-01 09:17:54',NULL),(12,1,'Hickle Ltd','delphine23@dach.com','(855) 438-8930','618 Bashirian Turnpike Apt. 587','Port Sylvanmouth','Vermont','US','40844','2021-09-01 09:17:54','2021-09-01 09:17:54',NULL),(13,1,'Lubowitz, Kuhn and Mills','jairo.mccullough@batz.info','(877) 955-9196','2089 Rolfson Street','Runolfsdottirmouth','North Carolina','US','66463','2021-09-01 09:17:54','2021-09-01 09:17:54',NULL),(14,1,'McDermott LLC','alta.kulas@kutch.info','(888) 837-7407','3447 Doyle Shoals','South Caitlyn','Iowa','US','68813','2021-09-01 09:17:54','2021-09-01 09:17:54',NULL),(15,1,'Gislason Ltd','huels.kamille@rau.com','1-855-782-4488','40306 Cummerata Ville','North Elsietown','Arizona','US','74456','2021-09-01 09:17:54','2021-09-01 09:17:54',NULL),(16,1,'Konopelski Group','bernier.vincenzo@schaden.biz','855-933-3755','8790 Schulist Knolls Suite 050','New Floy','Nebraska','US','46155-7397','2021-09-01 09:17:54','2021-09-01 09:17:54',NULL),(17,1,'Macejkovic Ltd','jwill@reichel.com','877.639.8849','204 Carter Island Suite 034','Jevonside','Missouri','US','20251-8617','2021-09-01 09:17:54','2021-09-01 09:17:54',NULL),(18,1,'Ruecker, Orn and Jacobi','alayna11@paucek.com','800.233.3594','766 Hamill Rapids Apt. 764','Leuschkeside','Oklahoma','US','81450-5781','2021-09-01 09:17:54','2021-09-01 09:17:54',NULL),(19,1,'Goyette-Huels','uhoeger@skiles.com','888.328.6822','8559 Flavio Meadow Apt. 281','New Bernadetteshire','Connecticut','US','15087-0530','2021-09-01 09:17:54','2021-09-01 09:17:54',NULL),(20,1,'Fay and Sons','dolores94@wiegand.com','844-597-6671','48133 Greyson Freeway','Raulport','Ohio','US','13383-3489','2021-09-01 09:17:54','2021-09-01 09:17:54',NULL),(21,1,'Zemlak-Ryan','freeda82@buckridge.com','888.456.8851','137 Cruickshank Key Apt. 483','East Delphahaven','South Carolina','US','25171','2021-09-01 09:17:54','2021-09-01 09:17:54',NULL),(22,1,'Reichert, Gerlach and Dare','dina.heaney@rippin.info','844.838.3989','724 Hane Island Apt. 450','Bartellfort','Kansas','US','19667-7734','2021-09-01 09:17:54','2021-09-01 09:17:54',NULL),(23,1,'Towne, Yost and Lubowitz','lenna64@damore.com','(888) 712-1284','400 Johns Shoals','North Mireya','New Mexico','US','12218','2021-09-01 09:17:54','2021-09-01 09:17:54',NULL),(24,1,'Stracke PLC','littel.irma@doyle.com','(800) 442-4051','247 Kerluke Green Suite 020','New Deshaunstad','Louisiana','US','64631','2021-09-01 09:17:54','2021-09-01 09:17:54',NULL),(25,1,'Boyle-Price','ola.macejkovic@bernhard.org','866.227.1258','4644 Kshlerin Path Apt. 423','Brekkeville','Arkansas','US','31682','2021-09-01 09:17:54','2021-09-01 09:17:54',NULL),(26,1,'King-Gusikowski','waino.pfeffer@kerluke.com','1-800-651-0538','33753 Alba Estates Suite 447','West Shaunmouth','North Dakota','US','73399','2021-09-01 09:17:54','2021-09-01 09:17:54',NULL),(27,1,'Mante-Flatley','hbogan@reynolds.info','1-855-447-8244','32594 Hilton Meadows','Betsybury','Illinois','US','31573','2021-09-01 09:17:54','2021-09-01 09:17:54',NULL),(28,1,'Satterfield Inc','estevan79@kuhic.com','(888) 924-1189','56220 Evelyn Cliff','New Spencerborough','Alaska','US','47347-0823','2021-09-01 09:17:54','2021-09-01 09:17:54',NULL),(29,1,'Schneider, Wisozk and O\'Hara','kurtis72@doyle.com','844-951-2418','32454 Labadie Wall Apt. 351','Zemlakmouth','Washington','US','56003','2021-09-01 09:17:54','2021-09-01 09:17:54',NULL),(30,1,'Orn Inc','hudson.flossie@kuhlman.info','888.676.9431','32906 Hickle Well','Lednershire','Minnesota','US','38425-2410','2021-09-01 09:17:54','2021-09-01 09:17:54',NULL),(31,1,'Rempel-Dickens','gaylord.madelynn@nolan.info','866-986-1404','7782 Macejkovic Square Suite 522','Antoniochester','Kentucky','US','24455','2021-09-01 09:17:54','2021-09-01 09:17:54',NULL),(32,1,'Barrows, Ernser and McKenzie','laila75@mohr.com','1-800-238-6404','929 Jerel Gateway Apt. 212','Monroeville','Kentucky','US','19257','2021-09-01 09:17:54','2021-09-01 09:17:54',NULL),(33,1,'Gerhold, Zemlak and Lowe','christiansen.lauren@braun.com','1-855-493-4359','819 Runte Mountain Apt. 408','Padbergberg','Hawaii','US','07196','2021-09-01 09:17:54','2021-09-01 09:17:54',NULL),(34,1,'King LLC','virgil76@skiles.org','1-855-262-5284','474 Skiles Junctions','New Jettieshire','Vermont','US','86447-7564','2021-09-01 09:17:54','2021-09-01 09:17:54',NULL),(35,1,'Heaney and Sons','leannon.heath@lynch.biz','1-844-625-9764','94884 Regan Cliffs Suite 639','East Levitown','Mississippi','US','28224','2021-09-01 09:17:54','2021-09-01 09:17:54',NULL),(36,1,'Hoeger-Klein','laurence65@cruickshank.net','866-364-5607','9699 D\'Amore Canyon','Luettgenchester','Maine','US','00119','2021-09-01 09:17:54','2021-09-01 09:17:54',NULL),(37,1,'Swaniawski-Ernser','stracke.lemuel@gerlach.org','1-888-280-2698','6438 Raphael Plaza','South Heloise','Pennsylvania','US','12797-2319','2021-09-01 09:17:54','2021-09-01 09:17:54',NULL),(38,1,'Jast Inc','watsica.ed@koch.org','855.221.3236','4654 Bartell Crescent','West Gladyceborough','Alabama','US','50968-0448','2021-09-01 09:17:54','2021-09-01 09:17:54',NULL),(39,1,'Block, Doyle and Von','maximilian73@ritchie.biz','1-877-729-6447','6896 Delilah Falls','Blockbury','North Carolina','US','21107-6385','2021-09-01 09:17:54','2021-09-01 09:17:54',NULL),(40,1,'Harber, Pfannerstill and Parker','omonahan@kohler.com','866.506.1181','306 Nitzsche Wells','South Madie','Colorado','US','06954-1774','2021-09-01 09:17:54','2021-09-01 09:17:54',NULL),(41,1,'Mills, Jast and Ondricka','kling.nikko@cremin.org','800-210-4283','54274 Gertrude Coves','Romanberg','Tennessee','US','87408-1870','2021-09-01 09:17:54','2021-09-01 09:17:54',NULL),(42,1,'Macejkovic, Cruickshank and Rempel','joseph.cremin@ortiz.biz','1-877-908-6094','7200 Gorczany Fork','Jerdeside','Massachusetts','US','47406','2021-09-01 09:17:54','2021-09-01 09:17:54',NULL),(43,1,'Zboncak, Simonis and Ziemann','maybelle.kuhn@dicki.net','888-334-8866','159 Deondre Divide Suite 894','Bradyshire','Indiana','US','42673','2021-09-01 09:17:54','2021-09-01 09:17:54',NULL),(44,1,'Dooley-Walter','xmorar@prohaska.com','(877) 958-5110','81913 Aaliyah Vista Apt. 001','Vernieborough','West Virginia','US','56303-2269','2021-09-01 09:17:54','2021-09-01 09:17:54',NULL),(45,1,'Marquardt and Sons','adolf.schuppe@pagac.com','1-877-926-6344','34774 Reinger Drive Suite 264','North Joanyhaven','Missouri','US','91555-1071','2021-09-01 09:17:54','2021-09-01 09:17:54',NULL),(46,1,'Hackett PLC','alberta.lakin@barton.info','866.638.3791','4805 Corkery Spur','Lake Kendra','Mississippi','US','95524-4946','2021-09-01 09:17:54','2021-09-01 09:17:54',NULL),(47,1,'Erdman, Skiles and Reilly','tschiller@flatley.biz','(877) 257-8264','830 Bernhard Roads','Adelaton','Missouri','US','04115','2021-09-01 09:17:54','2021-09-01 09:17:54',NULL),(48,1,'Klein, Sawayn and Jacobi','noel07@zieme.com','877-810-3021','17584 Donnelly Drives','Rippinville','Vermont','US','98290','2021-09-01 09:17:54','2021-09-01 09:17:54',NULL),(49,1,'Conroy Ltd','morn@satterfield.com','(855) 732-9507','887 Billie Knolls Suite 839','Luettgenfurt','Iowa','US','29152','2021-09-01 09:17:54','2021-09-01 09:17:54',NULL),(50,1,'Fisher-Fahey','okeebler@mckenzie.com','888-296-6759','753 Athena Ridge','Berneiceville','Colorado','US','24250-8416','2021-09-01 09:17:54','2021-09-01 09:17:54',NULL),(51,1,'Parker, Kuhn and Hamill','juliet.dickinson@conn.org','800.822.0678','343 Balistreri Bridge Apt. 170','Wizachester','Kansas','US','72037-9540','2021-09-01 09:17:54','2021-09-01 09:17:54',NULL),(52,1,'Nitzsche LLC','alexa96@dicki.biz','(888) 310-5995','807 Kaleb Trace','Andersonshire','North Dakota','US','68467','2021-09-01 09:17:54','2021-09-01 09:17:54',NULL),(53,1,'Legros-Halvorson','dillan.herman@lehner.com','866.812.0852','424 Reilly Port','Lake Eldred','Delaware','US','79774-0695','2021-09-01 09:17:54','2021-09-01 09:17:54',NULL),(54,1,'Kovacek PLC','donnelly.rosanna@rutherford.com','866.573.9665','29368 Cyrus Heights','West Lomatown','Indiana','US','54802','2021-09-01 09:17:54','2021-09-01 09:17:54',NULL),(55,1,'Lemke Inc','zrenner@champlin.com','(877) 217-2176','31984 O\'Hara Via Apt. 821','Lake Kyleighborough','Nevada','US','58278-8106','2021-09-01 09:17:54','2021-09-01 09:17:54',NULL),(56,1,'Erdman, Brakus and Cartwright','nienow.yolanda@gaylord.info','1-866-887-3723','816 Emmy Plain','New Lilianmouth','New York','US','25767-3990','2021-09-01 09:17:54','2021-09-01 09:17:54',NULL),(57,1,'Ledner Inc','slittle@ankunding.com','(800) 565-1081','473 Elisa Course','South Kacie','Michigan','US','07081-7794','2021-09-01 09:17:54','2021-09-01 09:17:54',NULL),(58,1,'Ortiz, Okuneva and Kling','nfisher@adams.net','1-866-589-3895','5313 Zoe Mill','North Luigi','Kentucky','US','07854-4472','2021-09-01 09:17:54','2021-09-01 09:17:54',NULL),(59,1,'Purdy Inc','rita.cole@shields.net','(877) 715-5978','70401 Beahan Crossroad','Paulaside','Kentucky','US','01027','2021-09-01 09:17:54','2021-09-01 09:17:54',NULL),(60,1,'Cormier-Stamm','cody71@cummerata.com','(800) 336-2872','14377 Barton Stream Apt. 216','Farrellview','Minnesota','US','23696','2021-09-01 09:17:54','2021-09-01 09:17:54',NULL),(61,1,'Spinka PLC','zgibson@bergnaum.com','(844) 907-2271','11514 Heidenreich Field Suite 436','Sonnyshire','Georgia','US','10883','2021-09-01 09:17:54','2021-09-01 09:17:54',NULL),(62,1,'Reichert-Veum','dwalsh@quigley.biz','(844) 965-8674','57981 Anais Center Suite 346','South Gudrun','Missouri','US','78773-2860','2021-09-01 09:17:54','2021-09-01 09:17:54',NULL),(63,1,'McKenzie-Kuhic','danny96@pfannerstill.com','1-877-885-2264','98715 Ledner Springs','Parkerhaven','Mississippi','US','53659','2021-09-01 09:17:54','2021-09-01 09:17:54',NULL),(64,1,'Larson-Bahringer','velma57@conroy.info','1-855-492-5753','32959 Gabriel Mountains Apt. 608','Littleborough','Kentucky','US','59242','2021-09-01 09:17:54','2021-09-01 09:17:54',NULL),(65,1,'Strosin-Beahan','gabriel.krajcik@davis.biz','(866) 287-4061','50314 Wilderman Valley','Lake Cicero','Massachusetts','US','87667','2021-09-01 09:17:54','2021-09-01 09:17:54',NULL),(66,1,'Blanda, Bartoletti and Effertz','little.hillard@wuckert.info','844-990-0234','4737 Champlin Points Suite 253','Alview','California','US','10499-6781','2021-09-01 09:17:54','2021-09-01 09:17:54',NULL),(67,1,'Wilkinson PLC','dovie.wintheiser@conn.com','877.848.3503','2812 Kilback Station','Faymouth','Illinois','US','18748','2021-09-01 09:17:54','2021-09-01 09:17:54',NULL),(68,1,'Dietrich LLC','rosemary.hane@rosenbaum.net','855.799.0686','571 Brakus Forest','Mavisside','New York','US','74120','2021-09-01 09:17:54','2021-09-01 09:17:54',NULL),(69,1,'Streich-Ebert','chester77@jenkins.com','1-844-330-8692','3889 Billy Dale','New Barneybury','Kansas','US','47254-9904','2021-09-01 09:17:55','2021-09-01 09:17:55',NULL),(70,1,'Witting-Waelchi','markus30@cronin.info','877-913-2618','707 Vivienne Burgs','Lake Henriette','Kansas','US','52725-0658','2021-09-01 09:17:55','2021-09-01 09:17:55',NULL),(71,1,'Schulist-Botsford','felipa13@cruickshank.com','800.381.5950','46652 Morissette Path','Langworthview','Georgia','US','33272-3167','2021-09-01 09:17:55','2021-09-01 09:17:55',NULL),(72,1,'Corkery-Hackett','howe.carole@wuckert.com','855.587.5241','939 Wava Drives','Kaciehaven','Vermont','US','96677','2021-09-01 09:17:55','2021-09-01 09:17:55',NULL),(73,1,'McClure, Predovic and Block','rschroeder@bartoletti.com','(877) 804-9235','5164 Skylar Forks','Wilbertmouth','Maine','US','18269-5707','2021-09-01 09:17:55','2021-09-01 09:17:55',NULL),(74,1,'Leannon Inc','dagmar17@pfannerstill.com','1-866-454-0553','23111 Marlee Forge','Murazikview','Kentucky','US','43487-3223','2021-09-01 09:17:55','2021-09-01 09:17:55',NULL),(75,1,'Schroeder, Aufderhar and Luettgen','collins.enrique@block.com','1-844-352-4208','9018 Langosh Stravenue Suite 287','Allenefort','West Virginia','US','28919-3559','2021-09-01 09:17:55','2021-09-01 09:17:55',NULL),(76,1,'Osinski Group','cynthia.wyman@dicki.org','1-844-210-9658','66844 Cremin Cliff','South Lindsey','Minnesota','US','82899','2021-09-01 09:17:55','2021-09-01 09:17:55',NULL),(77,1,'Hintz, Pagac and Senger','nicklaus.mueller@kemmer.com','(866) 528-4662','354 Breitenberg Underpass Apt. 683','North Bradenview','Virginia','US','36974','2021-09-01 09:17:55','2021-09-01 09:17:55',NULL),(78,1,'Ferry-Littel','ulises.schaden@pfeffer.com','(866) 826-6256','7180 Beer Lakes','North Cleoraton','Kentucky','US','32460','2021-09-01 09:17:55','2021-09-01 09:17:55',NULL),(79,1,'Romaguera LLC','mabel.hahn@jakubowski.com','1-888-764-0031','736 Skiles Parkways','Nikolausshire','Michigan','US','62870-3395','2021-09-01 09:17:55','2021-09-01 09:17:55',NULL),(80,1,'Ernser and Sons','amclaughlin@jacobs.com','1-800-216-3051','35766 Nader Ramp Apt. 729','West Polly','South Dakota','US','09910-8972','2021-09-01 09:17:55','2021-09-01 09:17:55',NULL),(81,1,'Sporer-Schulist','sturner@fritsch.net','1-800-747-4738','7908 Nader Centers','Joannyberg','Pennsylvania','US','73091-3098','2021-09-01 09:17:55','2021-09-01 09:17:55',NULL),(82,1,'Bartoletti, McClure and Paucek','jayson.nolan@bednar.com','1-888-567-6648','26260 Palma Ports','West Laurie','Illinois','US','80857','2021-09-01 09:17:55','2021-09-01 09:17:55',NULL),(83,1,'Rowe Group','sibyl.rohan@homenick.biz','1-800-758-1049','3708 Carson Inlet Apt. 017','Lake Colemouth','Indiana','US','40656','2021-09-01 09:17:55','2021-09-01 09:17:55',NULL),(84,1,'Okuneva, Schuster and Schroeder','cleannon@luettgen.com','(877) 446-5217','36640 King Ford','Lake Sterling','South Carolina','US','02713','2021-09-01 09:17:55','2021-09-01 09:17:55',NULL),(85,1,'Rau and Sons','zreichel@farrell.info','(877) 694-1689','4988 Donnelly Oval Suite 293','Lake Birdiestad','Kentucky','US','54647','2021-09-01 09:17:55','2021-09-01 09:17:55',NULL),(86,1,'Parisian-Feil','efritsch@gottlieb.net','(866) 415-1841','9525 Junius Pike','West Richard','Wyoming','US','89013-1948','2021-09-01 09:17:55','2021-09-01 09:17:55',NULL),(87,1,'Homenick Ltd','jones.jennifer@barrows.com','877-619-1211','59071 Bertram Turnpike','Heidenreichshire','Maine','US','36599-6677','2021-09-01 09:17:55','2021-09-01 09:17:55',NULL),(88,1,'Kuvalis-Wilderman','schmidt.vern@hill.com','800.879.7973','716 Cloyd Garden Apt. 446','Erlingmouth','Washington','US','86077','2021-09-01 09:17:55','2021-09-01 09:17:55',NULL),(89,1,'Rice, Bednar and Moore','hosinski@jacobson.net','866.548.9194','802 Corwin Green','New Alainastad','Vermont','US','89464','2021-09-01 09:17:55','2021-09-01 09:17:55',NULL),(90,1,'Feest-Bernier','godfrey.bernier@mills.com','1-844-572-9358','9123 Kreiger Branch Suite 627','New Shyannemouth','Arizona','US','11947','2021-09-01 09:17:55','2021-09-01 09:17:55',NULL),(91,1,'Cassin, Senger and Steuber','streich.brett@sipes.org','1-844-431-7532','3657 Mylene Trail Apt. 614','Charleneborough','Michigan','US','89510','2021-09-01 09:17:55','2021-09-01 09:17:55',NULL),(92,1,'Stokes, Strosin and Osinski','ibotsford@pfeffer.com','800-922-8201','56213 Lebsack Trail','South Bettye','Arkansas','US','10514','2021-09-01 09:17:55','2021-09-01 09:17:55',NULL),(93,1,'Treutel and Sons','emueller@mertz.com','(877) 605-3041','5679 Meggie Parks Apt. 498','Brennanhaven','New Mexico','US','21967-8149','2021-09-01 09:17:55','2021-09-01 09:17:55',NULL),(94,1,'Yundt and Sons','jerel.parisian@ferry.com','866.205.4984','69182 Tomasa Plains','Danaport','Wisconsin','US','78245','2021-09-01 09:17:55','2021-09-01 09:17:55',NULL),(95,1,'Lockman Inc','edgar.mckenzie@harber.biz','1-866-522-2917','163 Brakus Route','West Zoiefurt','Rhode Island','US','89205-5702','2021-09-01 09:17:55','2021-09-01 09:17:55',NULL),(96,1,'O\'Conner-Gaylord','damon23@goldner.org','1-877-506-7045','636 Rogahn Port Apt. 908','East Anita','Vermont','US','51132-2561','2021-09-01 09:17:55','2021-09-01 09:17:55',NULL),(97,1,'Mayert, Goodwin and Marquardt','dave.hessel@bradtke.info','844-218-1872','93826 Mann Radial','West Janelle','Georgia','US','57783-1886','2021-09-01 09:17:55','2021-09-01 09:17:55',NULL),(98,1,'Rodriguez LLC','pbuckridge@huels.com','1-855-683-5500','429 Eliza Mountain','Aufderharside','Connecticut','US','50973-1923','2021-09-01 09:17:55','2021-09-01 09:17:55',NULL),(99,1,'Roberts and Sons','wyman.kayden@kreiger.org','866.728.9538','45926 Morar Grove Suite 104','Port Rosaleeshire','South Carolina','US','12863-6446','2021-09-01 09:17:55','2021-09-01 09:17:55',NULL),(100,1,'Langworth, Ratke and Emmerich','kailyn.gorczany@connelly.com','(866) 871-8438','35537 Considine Mountain','Lake Maiya','Kansas','US','00567-9448','2021-09-01 09:17:55','2021-09-01 09:17:55',NULL);
/*!40000 ALTER TABLE `organizations` ENABLE KEYS */;
UNLOCK TABLES;

--
-- Table structure for table `password_resets`
--

DROP TABLE IF EXISTS `password_resets`;
/*!40101 SET @saved_cs_client     = @@character_set_client */;
/*!50503 SET character_set_client = utf8mb4 */;
CREATE TABLE `password_resets` (
  `email` varchar(255) COLLATE utf8mb4_unicode_ci NOT NULL,
  `token` varchar(255) COLLATE utf8mb4_unicode_ci NOT NULL,
  `created_at` timestamp NULL DEFAULT NULL,
  KEY `password_resets_email_index` (`email`)
) ENGINE=InnoDB DEFAULT CHARSET=utf8mb4 COLLATE=utf8mb4_unicode_ci;
/*!40101 SET character_set_client = @saved_cs_client */;

--
-- Dumping data for table `password_resets`
--

LOCK TABLES `password_resets` WRITE;
/*!40000 ALTER TABLE `password_resets` DISABLE KEYS */;
/*!40000 ALTER TABLE `password_resets` ENABLE KEYS */;
UNLOCK TABLES;

--
-- Table structure for table `registrants`
--

DROP TABLE IF EXISTS `registrants`;
/*!40101 SET @saved_cs_client     = @@character_set_client */;
/*!50503 SET character_set_client = utf8mb4 */;
CREATE TABLE `registrants` (
  `id` bigint unsigned NOT NULL AUTO_INCREMENT,
  `meeting_id` varchar(255) COLLATE utf8mb4_unicode_ci NOT NULL,
  `email` varchar(255) COLLATE utf8mb4_unicode_ci NOT NULL,
  `first_name` varchar(255) COLLATE utf8mb4_unicode_ci NOT NULL,
  `last_name` varchar(255) COLLATE utf8mb4_unicode_ci NOT NULL,
  `category` varchar(255) COLLATE utf8mb4_unicode_ci NOT NULL,
  `club_name` varchar(255) COLLATE utf8mb4_unicode_ci NOT NULL,
  `invited_by` varchar(255) COLLATE utf8mb4_unicode_ci NOT NULL,
  `classification` varchar(255) COLLATE utf8mb4_unicode_ci NOT NULL,
  `create_time` datetime NOT NULL,
  `deleted_at` timestamp NULL DEFAULT NULL,
  `created_at` timestamp NULL DEFAULT NULL,
  `updated_at` timestamp NULL DEFAULT NULL,
  PRIMARY KEY (`id`),
  UNIQUE KEY `registrants_email_unique` (`email`)
) ENGINE=InnoDB AUTO_INCREMENT=241 DEFAULT CHARSET=utf8mb4 COLLATE=utf8mb4_unicode_ci;
/*!40101 SET character_set_client = @saved_cs_client */;

--
-- Dumping data for table `registrants`
--

LOCK TABLES `registrants` WRITE;
/*!40000 ALTER TABLE `registrants` DISABLE KEYS */;
INSERT INTO `registrants` VALUES (1,'1','baumbach.carmel@example.com','Gloria Hettinger PhD','Kayley Crona','Rotarian','RC_Muthaiga','Vicky Kshlerin Jr.','inductee','2021-09-01 09:03:10',NULL,'2021-09-01 09:17:56','2021-09-01 09:17:56'),(2,'1','emma32@example.org','Prof. Gregorio Nienow','Mrs. Abbigail Boehm V','Rotaractor','','Mafalda Berge','member','2021-08-29 19:55:48',NULL,'2021-09-01 09:17:56','2021-09-01 09:17:56'),(3,'1','ward.montana@example.com','Shaniya Boehm','Ada Prosacco','Guest','RC_Westlands','Eladio Rempel','inductee','2021-09-01 07:12:22',NULL,'2021-09-01 09:17:56','2021-09-01 09:17:56'),(4,'1','otis11@example.com','Emmy Wolff','Kaylah Jones II','Rotarian','RC_Westlands','Dr. Xavier Langosh Sr.','member','2021-08-30 16:19:05',NULL,'2021-09-01 09:17:56','2021-09-01 09:17:56'),(5,'1','everett33@example.net','Mandy Mohr IV','Dr. Alphonso Bernhard','Rotarian','RC_Muthaiga','Kariane Kuhic','member','2021-08-31 21:17:42',NULL,'2021-09-01 09:17:56','2021-09-01 09:17:56'),(6,'1','kspinka@example.net','Tiffany Satterfield','Karine Schowalter V','Rotaractor','RC_Mombasa','Fae Goyette','inductee','2021-08-28 23:33:28',NULL,'2021-09-01 09:17:56','2021-09-01 09:17:56'),(7,'1','hartmann.wilhelmine@example.net','Rowena Thiel DDS','Jaylin Carroll DVM','Rotaractor','RC_Westlands','Stephanie Stanton','member','2021-08-30 04:46:35',NULL,'2021-09-01 09:17:56','2021-09-01 09:17:56'),(8,'1','syble.glover@example.com','Hillary Smith','Miss Aniyah Buckridge','Guest','RC_Mombasa','Art Fadel IV','inductee','2021-09-01 11:23:06',NULL,'2021-09-01 09:17:56','2021-09-01 09:17:56'),(9,'1','jlindgren@example.org','Rebekah Roberts','Hunter D\'Amore MD','Rotarian','RC_Westlands','Hermann White','inductee','2021-08-30 20:26:58',NULL,'2021-09-01 09:17:56','2021-09-01 09:17:56'),(10,'1','albin.feil@example.com','Adrain Casper','Eva Zieme','Rotaractor','RC_Mombasa','Mr. Godfrey Gulgowski V','inductee','2021-08-30 22:36:34',NULL,'2021-09-01 09:17:56','2021-09-01 09:17:56'),(11,'1','pbarton@example.net','Delta Satterfield','Casimer Johns','Rotaractor','RC_Langata','Prof. Jason Simonis I','inductee','2021-08-31 04:56:13',NULL,'2021-09-01 09:17:56','2021-09-01 09:17:56'),(12,'1','oconn@example.com','Providenci Pouros','Hassan Kohler','Rotarian','RC_Langata','Jayson Waters','member','2021-08-28 01:27:52',NULL,'2021-09-01 09:17:56','2021-09-01 09:17:56'),(13,'1','kwiegand@example.org','Prof. Tyrell Wehner','Dr. Kacey Morar DVM','Rotaractor','RC_Muthaiga','Robbie Waters II','member','2021-08-28 19:19:04',NULL,'2021-09-01 09:17:56','2021-09-01 09:17:56'),(14,'1','alaina.ziemann@example.org','Gladyce Feil','Dana Dach Jr.','Rotarian','RC_Westlands','Pascale Konopelski','member','2021-09-01 12:20:21',NULL,'2021-09-01 09:17:56','2021-09-01 09:17:56'),(15,'1','brigitte.parisian@example.org','Kathryn Herzog','Dr. Lera Spinka III','Rotaractor','','Kianna Romaguera','member','2021-09-01 01:32:27',NULL,'2021-09-01 09:17:56','2021-09-01 09:17:56'),(16,'1','prohaska.brianne@example.net','Mr. Garry Gorczany V','Madge Rohan','Rotaractor','RC_Muthaiga','Kellen Witting','inductee','2021-08-31 03:33:30',NULL,'2021-09-01 09:17:56','2021-09-01 09:17:56'),(17,'1','dvonrueden@example.org','Kurt Langosh','Jett Hamill','Rotarian','RC_Langata','Modesto Reichert','inductee','2021-08-29 20:42:32',NULL,'2021-09-01 09:17:56','2021-09-01 09:17:56'),(18,'1','cassin.casper@example.com','Hope Koelpin','Marjory Gorczany','Guest','RC_Westlands','Dr. Elliott Koss','member','2021-08-29 03:16:36',NULL,'2021-09-01 09:17:56','2021-09-01 09:17:56'),(19,'1','leopold33@example.net','Fannie Shields','Diana Gorczany','Rotarian','','Adriel Leffler','inductee','2021-09-01 03:18:17',NULL,'2021-09-01 09:17:56','2021-09-01 09:17:56'),(20,'1','crist.evie@example.net','Camren Friesen','Ludwig Gulgowski','Guest','RC_Mombasa','Bret Thompson','inductee','2021-08-30 03:58:15',NULL,'2021-09-01 09:17:56','2021-09-01 09:17:56'),(21,'2','quinton20@example.com','Mrs. Stephania Hoeger V','Fiona Lowe','Rotarian','RC_Mombasa','Mose Shanahan','inductee','2021-08-31 02:47:20',NULL,'2021-09-01 09:17:56','2021-09-01 09:17:56'),(22,'2','guillermo.towne@example.net','Dr. Isaias Veum I','Mr. Parker Kunze III','Rotarian','','Dr. Christine Kuphal Jr.','member','2021-09-01 09:25:38',NULL,'2021-09-01 09:17:56','2021-09-01 09:17:56'),(23,'2','garnet.rutherford@example.com','Libby Simonis','Brice Roberts','Guest','RC_Langata','Kolby Beahan','member','2021-08-31 06:20:39',NULL,'2021-09-01 09:17:56','2021-09-01 09:17:56'),(24,'2','monroe.bergstrom@example.com','Hershel Muller II','Robert Kreiger','Rotaractor','','Dr. Susie Stoltenberg Sr.','member','2021-09-01 02:33:17',NULL,'2021-09-01 09:17:56','2021-09-01 09:17:56'),(25,'2','nader.kayleigh@example.org','Yesenia Abshire','Alvena Kihn','Rotarian','RC_Westlands','Mozell Fisher','member','2021-08-31 18:36:35',NULL,'2021-09-01 09:17:56','2021-09-01 09:17:56'),(26,'2','carlos.corwin@example.net','Miss Josephine Collins','Mr. Joshuah McClure MD','Guest','','Zella Hauck','inductee','2021-08-31 01:31:54',NULL,'2021-09-01 09:17:56','2021-09-01 09:17:56'),(27,'2','erna.lynch@example.com','Prof. Hailie Cartwright','Dangelo O\'Conner','Rotaractor','RC_Langata','Prof. Eldon Hansen','member','2021-08-28 01:16:09',NULL,'2021-09-01 09:17:56','2021-09-01 09:17:56'),(28,'2','ankunding.vince@example.com','Nathaniel Hegmann','Linnea Hirthe','Rotaractor','','Ophelia Becker','member','2021-08-31 16:12:45',NULL,'2021-09-01 09:17:56','2021-09-01 09:17:56'),(29,'2','micah.schumm@example.net','Melany Torphy','Dr. Owen Kertzmann','Rotaractor','RC_Westlands','D\'angelo DuBuque','member','2021-09-01 09:57:40',NULL,'2021-09-01 09:17:56','2021-09-01 09:17:56'),(30,'2','boyer.kallie@example.net','Elva Olson PhD','Hunter Reichert','Rotarian','RC_Mombasa','Hyman Bashirian IV','inductee','2021-09-01 01:33:47',NULL,'2021-09-01 09:17:56','2021-09-01 09:17:56'),(31,'2','gcasper@example.com','Aditya Renner','Mr. Aurelio Stehr II','Guest','RC_Langata','Johnpaul Ledner I','inductee','2021-08-31 16:23:29',NULL,'2021-09-01 09:17:56','2021-09-01 09:17:56'),(32,'2','zack17@example.org','Clotilde Cruickshank','Prof. Yessenia White Jr.','Rotaractor','RC_Westlands','Serena Ryan','member','2021-08-31 17:29:51',NULL,'2021-09-01 09:17:56','2021-09-01 09:17:56'),(33,'2','kariane59@example.org','Mr. Dayne Erdman III','Fatima Walker','Guest','RC_Muthaiga','Adolfo Von PhD','inductee','2021-08-30 20:00:50',NULL,'2021-09-01 09:17:56','2021-09-01 09:17:56'),(34,'2','allison.bruen@example.org','Vena Hermann MD','Prof. Myrtis Graham IV','Guest','RC_Langata','Miss Vernie Kub','member','2021-08-27 16:24:38',NULL,'2021-09-01 09:17:56','2021-09-01 09:17:56'),(35,'2','gabe20@example.org','Randal Marquardt','Miss Assunta Bednar MD','Rotarian','','Rusty Roob DVM','inductee','2021-09-01 09:08:15',NULL,'2021-09-01 09:17:56','2021-09-01 09:17:56'),(36,'2','zsatterfield@example.net','Bernard Ryan','Mr. Reagan Adams I','Rotaractor','RC_Langata','Kody Kerluke','inductee','2021-08-30 19:18:10',NULL,'2021-09-01 09:17:56','2021-09-01 09:17:56'),(37,'2','adonis78@example.net','Germaine Hermiston','Katelin Orn','Rotaractor','RC_Muthaiga','Loma Rogahn PhD','member','2021-08-30 13:00:42',NULL,'2021-09-01 09:17:56','2021-09-01 09:17:56'),(38,'2','rosina.vonrueden@example.net','Carissa Powlowski V','Nelle Wisozk','Rotarian','','Ernest Ortiz','member','2021-09-01 01:43:47',NULL,'2021-09-01 09:17:56','2021-09-01 09:17:56'),(39,'2','nathen.doyle@example.net','Marilou McLaughlin Sr.','Reyna Hermann','Rotaractor','RC_Langata','Adella Pagac DDS','member','2021-08-31 03:23:57',NULL,'2021-09-01 09:17:56','2021-09-01 09:17:56'),(40,'2','dario.tromp@example.net','Candace Moore','Prof. Jermain Rutherford PhD','Rotarian','RC_Mombasa','Dr. Justus Moore I','member','2021-09-01 09:32:57',NULL,'2021-09-01 09:17:56','2021-09-01 09:17:56'),(41,'3','cole.elna@example.com','Jessika Hessel','Isabell Bauch','Rotaractor','RC_Langata','Bill Grimes','member','2021-09-01 00:55:08',NULL,'2021-09-01 09:17:56','2021-09-01 09:17:56'),(42,'3','jacques.schmeler@example.org','Candace Yost Jr.','Felicity Cartwright','Guest','RC_Westlands','Leda Dibbert','member','2021-08-29 02:17:26',NULL,'2021-09-01 09:17:56','2021-09-01 09:17:56'),(43,'3','tbaumbach@example.com','Arely Hintz','Cristopher Sawayn II','Rotaractor','','Vickie O\'Hara','member','2021-09-01 15:00:24',NULL,'2021-09-01 09:17:56','2021-09-01 09:17:56'),(44,'3','yost.audie@example.net','Dr. Eino Douglas','Rylee Moore','Rotarian','RC_Muthaiga','Dr. Kiana Muller Sr.','member','2021-09-01 13:03:16',NULL,'2021-09-01 09:17:56','2021-09-01 09:17:56'),(45,'3','vincenza.abbott@example.org','Mona Stoltenberg','Isabelle Ledner','Guest','','Prof. Travis Mertz V','inductee','2021-09-01 01:34:18',NULL,'2021-09-01 09:17:56','2021-09-01 09:17:56'),(46,'3','wrodriguez@example.org','Dr. Heidi Heidenreich PhD','Brigitte Schuster','Rotarian','RC_Langata','Miss Anissa Olson','inductee','2021-08-31 06:30:44',NULL,'2021-09-01 09:17:56','2021-09-01 09:17:56'),(47,'3','holly08@example.com','Dr. Rahul Barrows II','Claudia Rogahn','Guest','RC_Langata','Damien Herman','inductee','2021-08-30 17:37:31',NULL,'2021-09-01 09:17:56','2021-09-01 09:17:56'),(48,'3','hboyer@example.org','Nicholaus Hauck III','Dayton Mosciski','Rotaractor','RC_Mombasa','Cordelia Boehm','member','2021-09-01 02:05:53',NULL,'2021-09-01 09:17:56','2021-09-01 09:17:56'),(49,'3','cummings.darby@example.org','Geo Jacobson','Shayna Gerlach','Rotaractor','RC_Mombasa','Corrine Hoeger','inductee','2021-08-28 15:48:38',NULL,'2021-09-01 09:17:56','2021-09-01 09:17:56'),(50,'3','schuppe.ella@example.com','Marcus Padberg','Jarred Mosciski I','Rotaractor','RC_Mombasa','Kiara Conroy','inductee','2021-08-30 18:22:12',NULL,'2021-09-01 09:17:56','2021-09-01 09:17:56'),(51,'3','hward@example.com','Otho Bogisich','Caroline Walter','Guest','RC_Westlands','Mr. Johnny Brakus','member','2021-09-01 05:37:05',NULL,'2021-09-01 09:17:56','2021-09-01 09:17:56'),(52,'3','smitham.gwen@example.net','Evangeline Ortiz','Kelley Feest','Rotaractor','','Ms. Carissa Weimann PhD','member','2021-08-30 17:58:00',NULL,'2021-09-01 09:17:56','2021-09-01 09:17:56'),(53,'3','maggio.randall@example.net','Nicholas Fahey','Aniyah Ernser','Guest','RC_Muthaiga','Ms. Ova Reynolds','inductee','2021-08-31 17:32:29',NULL,'2021-09-01 09:17:56','2021-09-01 09:17:56'),(54,'3','lhoppe@example.com','Destiny Sipes I','Vickie Daugherty MD','Guest','RC_Westlands','Dr. Darien Tillman','member','2021-08-30 21:51:23',NULL,'2021-09-01 09:17:56','2021-09-01 09:17:56'),(55,'3','frank24@example.com','Savion Stokes','Prof. Jacques Ziemann','Guest','RC_Westlands','Mr. Kelton Brekke Jr.','inductee','2021-08-30 10:30:45',NULL,'2021-09-01 09:17:56','2021-09-01 09:17:56'),(56,'3','hschamberger@example.org','Fredrick Zemlak','Peggie Haley','Guest','','Alanna Halvorson','inductee','2021-08-30 14:06:49',NULL,'2021-09-01 09:17:56','2021-09-01 09:17:56'),(57,'3','ebeer@example.com','Mae Bailey','Prof. Chaz Hill II','Rotarian','RC_Westlands','Barrett Lakin','member','2021-08-31 15:00:21',NULL,'2021-09-01 09:17:56','2021-09-01 09:17:56'),(58,'3','ozella67@example.org','Zack Conn I','Prof. Jany Durgan IV','Rotarian','RC_Mombasa','Brianne Crist III','inductee','2021-09-01 14:02:03',NULL,'2021-09-01 09:17:56','2021-09-01 09:17:56'),(59,'3','moses.cummerata@example.org','Ms. Maggie Barrows','Zackery Graham MD','Guest','','Kurtis Johnson','inductee','2021-08-29 21:30:37',NULL,'2021-09-01 09:17:56','2021-09-01 09:17:56'),(60,'3','hermann.nona@example.net','Joanie Hauck','Jamar Blanda','Guest','RC_Westlands','Dr. Lauryn Kohler','inductee','2021-09-01 05:36:39',NULL,'2021-09-01 09:17:56','2021-09-01 09:17:56'),(61,'4','muller.cindy@example.org','Dortha Weimann','Raina Wolff','Rotaractor','RC_Westlands','Mariana Fadel','inductee','2021-08-31 16:13:03',NULL,'2021-09-01 09:17:56','2021-09-01 09:17:56'),(62,'4','lang.rubie@example.com','Kyler Bernier','Cassidy Gulgowski','Guest','RC_Westlands','Karlie Lehner','member','2021-08-29 23:40:19',NULL,'2021-09-01 09:17:56','2021-09-01 09:17:56'),(63,'4','hirthe.jesus@example.org','Dortha Breitenberg','Hortense Volkman','Rotarian','','Dr. Jaylon Rice','inductee','2021-08-29 16:58:26',NULL,'2021-09-01 09:17:56','2021-09-01 09:17:56'),(64,'4','karl47@example.net','Mr. Nathanael Pfeffer','Stan Gaylord','Guest','RC_Mombasa','Tevin Kassulke','member','2021-08-29 10:09:04',NULL,'2021-09-01 09:17:56','2021-09-01 09:17:56'),(65,'4','price.rogelio@example.org','Scot VonRueden','Monty Frami','Rotaractor','RC_Muthaiga','Joy Terry DDS','member','2021-08-28 19:24:53',NULL,'2021-09-01 09:17:56','2021-09-01 09:17:56'),(66,'4','kgerhold@example.net','Hilma Keeling','Horace Cummerata Jr.','Guest','RC_Mombasa','Miss Halie Leuschke','inductee','2021-08-31 22:26:10',NULL,'2021-09-01 09:17:56','2021-09-01 09:17:56'),(67,'4','luettgen.terry@example.com','Torrey Metz','Dr. Deangelo Quigley IV','Rotarian','RC_Muthaiga','Prof. Kareem Windler','inductee','2021-08-30 16:53:33',NULL,'2021-09-01 09:17:56','2021-09-01 09:17:56'),(68,'4','jameson.altenwerth@example.org','Miracle Hickle MD','Amira Schaefer','Guest','','Meda Koepp','member','2021-08-31 13:51:22',NULL,'2021-09-01 09:17:56','2021-09-01 09:17:56'),(69,'4','qlarson@example.net','Dr. Gerry Stiedemann','Ms. Jaquelin Leannon','Rotarian','RC_Mombasa','Norma Will Jr.','member','2021-08-31 18:06:41',NULL,'2021-09-01 09:17:56','2021-09-01 09:17:56'),(70,'4','kacey18@example.net','Mariana Predovic','Dr. Chanel Kulas PhD','Guest','RC_Mombasa','Monica Wunsch','member','2021-08-29 23:53:58',NULL,'2021-09-01 09:17:56','2021-09-01 09:17:56'),(71,'4','kadin09@example.com','Granville Eichmann','Rosemarie Wilkinson','Rotaractor','RC_Langata','Sylvan D\'Amore','inductee','2021-08-31 22:59:47',NULL,'2021-09-01 09:17:56','2021-09-01 09:17:56'),(72,'4','kay57@example.net','Mr. Boyd O\'Hara','Kyra Grant','Rotarian','RC_Westlands','Orville Kshlerin','member','2021-09-01 12:26:41',NULL,'2021-09-01 09:17:56','2021-09-01 09:17:56'),(73,'4','edwardo.marvin@example.com','Luigi Johns','Leon Beer','Guest','RC_Langata','Prof. Deshaun Moore','inductee','2021-09-01 01:21:54',NULL,'2021-09-01 09:17:56','2021-09-01 09:17:56'),(74,'4','rpfannerstill@example.net','Johan Williamson','Wellington Smitham','Guest','RC_Muthaiga','Major Paucek','inductee','2021-08-31 15:20:44',NULL,'2021-09-01 09:17:56','2021-09-01 09:17:56'),(75,'4','alphonso47@example.net','Prof. Dario Okuneva','Abbie Swift','Rotarian','RC_Langata','Jordon Orn','inductee','2021-09-01 13:15:00',NULL,'2021-09-01 09:17:56','2021-09-01 09:17:56'),(76,'4','eldridge.marks@example.net','Claudia Cronin','Jennyfer Baumbach','Rotaractor','RC_Westlands','Lauretta Harris V','member','2021-09-01 13:36:30',NULL,'2021-09-01 09:17:56','2021-09-01 09:17:56'),(77,'4','runte.marquis@example.net','Ida Leannon','Roberta Mante','Guest','RC_Mombasa','Prof. Matilda Kassulke DVM','inductee','2021-09-01 06:23:50',NULL,'2021-09-01 09:17:56','2021-09-01 09:17:56'),(78,'4','chesley72@example.net','Miss Lydia Parisian PhD','Gayle Koepp','Guest','','Catalina Bartell Sr.','inductee','2021-08-30 16:00:50',NULL,'2021-09-01 09:17:56','2021-09-01 09:17:56'),(79,'4','curt87@example.com','Dorothy Hamill','Prof. Linnie Muller Sr.','Rotaractor','RC_Mombasa','Wayne Collier MD','inductee','2021-09-01 13:40:07',NULL,'2021-09-01 09:17:56','2021-09-01 09:17:56'),(80,'4','nasir.marquardt@example.net','Jordy Sipes','Friedrich Koss','Guest','RC_Muthaiga','Miss Gertrude Schaden I','member','2021-08-30 21:47:39',NULL,'2021-09-01 09:17:56','2021-09-01 09:17:56'),(81,'5','cwelch@example.com','Opal Nitzsche','Mr. Orlo Rogahn','Rotaractor','RC_Langata','Ms. Marisa Metz','member','2021-08-30 01:35:21',NULL,'2021-09-01 09:17:56','2021-09-01 09:17:56'),(82,'5','zoila.gerhold@example.com','Miss Casandra Hills','Dr. Eleazar McLaughlin IV','Rotarian','','Ms. Alexandria Dicki','member','2021-08-28 19:19:09',NULL,'2021-09-01 09:17:56','2021-09-01 09:17:56'),(83,'5','ohara.terrance@example.com','Cornelius Cruickshank','Donnie Harvey','Rotarian','','Miss Asha Kertzmann III','inductee','2021-08-31 11:22:01',NULL,'2021-09-01 09:17:56','2021-09-01 09:17:56'),(84,'5','alta83@example.net','Hillard Jerde','Prof. Bridget Schuppe','Rotarian','RC_Langata','Norval Reichert','inductee','2021-08-29 10:37:35',NULL,'2021-09-01 09:17:56','2021-09-01 09:17:56'),(85,'5','skiles.vance@example.net','Lazaro Howell','Jamel Eichmann','Rotarian','RC_Westlands','Alycia Nader','inductee','2021-08-29 20:49:36',NULL,'2021-09-01 09:17:56','2021-09-01 09:17:56'),(86,'5','markus25@example.net','Barry Towne','Flossie Thiel','Rotaractor','RC_Westlands','Stella Johnson Sr.','inductee','2021-08-30 00:05:02',NULL,'2021-09-01 09:17:56','2021-09-01 09:17:56'),(87,'5','rschoen@example.org','Fredrick Haag','Robin Stamm','Rotarian','RC_Muthaiga','Prof. Antonetta Lynch','inductee','2021-09-01 12:27:03',NULL,'2021-09-01 09:17:56','2021-09-01 09:17:56'),(88,'5','sfunk@example.net','Breanna Nolan','Susan O\'Connell','Guest','RC_Muthaiga','Milton Bergstrom','member','2021-08-31 20:28:54',NULL,'2021-09-01 09:17:56','2021-09-01 09:17:56'),(89,'5','ward.camron@example.com','Tyshawn Reynolds','Molly Cummings','Rotaractor','RC_Muthaiga','Mabelle Nitzsche','inductee','2021-08-31 04:37:34',NULL,'2021-09-01 09:17:56','2021-09-01 09:17:56'),(90,'5','christiansen.eddie@example.com','Scot Thompson','Mr. Rory Nienow DDS','Guest','RC_Westlands','Jay VonRueden','member','2021-09-01 00:16:33',NULL,'2021-09-01 09:17:56','2021-09-01 09:17:56'),(91,'5','ffeest@example.net','Elyse Rath','Maude Shields I','Rotarian','RC_Muthaiga','Darron Lemke','inductee','2021-09-01 01:39:38',NULL,'2021-09-01 09:17:56','2021-09-01 09:17:56'),(92,'5','ocie02@example.com','Leila Lockman','Kevin Spencer','Rotarian','RC_Muthaiga','Mr. Chance Feest DVM','member','2021-08-27 20:05:07',NULL,'2021-09-01 09:17:56','2021-09-01 09:17:56'),(93,'5','estoltenberg@example.net','Ms. Kendra McLaughlin','Isac Swaniawski','Guest','RC_Langata','Daisha Collins','member','2021-08-31 07:24:51',NULL,'2021-09-01 09:17:56','2021-09-01 09:17:56'),(94,'5','lindgren.osbaldo@example.org','Woodrow Mills','Hailie Goldner','Rotaractor','','Margot Jast','inductee','2021-08-30 09:18:26',NULL,'2021-09-01 09:17:56','2021-09-01 09:17:56'),(95,'5','hilma28@example.net','Myrtice Herman','Ms. Asa Ebert','Guest','RC_Mombasa','Yoshiko Green','inductee','2021-09-01 13:14:43',NULL,'2021-09-01 09:17:56','2021-09-01 09:17:56'),(96,'5','ken89@example.org','Janick Rempel','Garth Daugherty','Rotarian','RC_Muthaiga','Hildegard Stroman','inductee','2021-08-30 00:37:44',NULL,'2021-09-01 09:17:56','2021-09-01 09:17:56'),(97,'5','macejkovic.devonte@example.net','Otilia Stark II','Lenna Gislason','Rotaractor','RC_Muthaiga','Candace Schowalter','inductee','2021-08-30 01:28:57',NULL,'2021-09-01 09:17:56','2021-09-01 09:17:56'),(98,'5','declan23@example.org','Carley Block','Clair Shanahan','Rotarian','RC_Westlands','Bo Leuschke','member','2021-08-31 15:44:26',NULL,'2021-09-01 09:17:56','2021-09-01 09:17:56'),(99,'5','daisy21@example.com','Prof. Matilde Hammes','Sally Muller','Rotaractor','RC_Mombasa','Prof. Jacques Schaefer IV','inductee','2021-09-01 03:56:59',NULL,'2021-09-01 09:17:56','2021-09-01 09:17:56'),(100,'5','bwillms@example.com','Lauretta Donnelly DDS','Elsie Spinka','Rotarian','','Sheldon Terry','member','2021-08-30 10:00:19',NULL,'2021-09-01 09:17:56','2021-09-01 09:17:56'),(101,'6','atremblay@example.net','Mr. Adelbert Grimes','Mr. Makenna Goldner','Guest','RC_Mombasa','Marietta Stroman PhD','member','2021-09-01 06:49:42',NULL,'2021-09-01 09:17:56','2021-09-01 09:17:56'),(102,'6','bryce21@example.org','Fanny Mohr V','Lon Kiehn','Rotarian','RC_Muthaiga','Joaquin Brown','inductee','2021-08-29 11:15:06',NULL,'2021-09-01 09:17:56','2021-09-01 09:17:56'),(103,'6','letha.farrell@example.org','Yesenia Sawayn','Adonis Labadie','Guest','RC_Langata','Albert Graham','inductee','2021-08-31 04:12:29',NULL,'2021-09-01 09:17:56','2021-09-01 09:17:56'),(104,'6','mankunding@example.org','Gilberto Batz','Prof. Erik Conroy','Guest','RC_Mombasa','Okey Kohler','member','2021-08-31 05:56:09',NULL,'2021-09-01 09:17:56','2021-09-01 09:17:56'),(105,'6','mitchell.isabel@example.org','Jalen Kohler','Tanner Abshire','Guest','RC_Langata','Favian Turner','member','2021-08-29 17:41:36',NULL,'2021-09-01 09:17:56','2021-09-01 09:17:56'),(106,'6','dayne.hayes@example.org','Ramona Hane','Camilla Upton III','Rotaractor','RC_Mombasa','Loma Stanton Jr.','member','2021-08-31 20:03:20',NULL,'2021-09-01 09:17:56','2021-09-01 09:17:56'),(107,'6','reyes.balistreri@example.net','Karen Von','Jean Murray','Rotarian','RC_Muthaiga','Jamaal Wuckert','inductee','2021-08-30 23:15:14',NULL,'2021-09-01 09:17:56','2021-09-01 09:17:56'),(108,'6','windler.kenya@example.com','Aylin Bartell V','Mrs. Marjory Koch DVM','Guest','RC_Langata','Lurline Brekke','inductee','2021-09-01 13:11:16',NULL,'2021-09-01 09:17:56','2021-09-01 09:17:56'),(109,'6','ebernhard@example.org','Ms. Alexa Bailey PhD','Delphia Mitchell','Rotaractor','RC_Mombasa','Willy Weber','inductee','2021-08-28 10:44:30',NULL,'2021-09-01 09:17:56','2021-09-01 09:17:56'),(110,'6','jannie79@example.net','Hilda O\'Reilly DDS','Lilian Welch','Rotaractor','','Louvenia Rowe','member','2021-08-30 14:59:57',NULL,'2021-09-01 09:17:56','2021-09-01 09:17:56'),(111,'6','rsmitham@example.org','Dr. Berniece Hyatt','Orlo Hermann Sr.','Guest','RC_Langata','Kylee Kertzmann','member','2021-08-30 23:07:28',NULL,'2021-09-01 09:17:56','2021-09-01 09:17:56'),(112,'6','wuckert.teagan@example.com','Leann Johnston','Wilfrid McGlynn','Guest','RC_Langata','Annette Rogahn','member','2021-08-30 20:24:23',NULL,'2021-09-01 09:17:56','2021-09-01 09:17:56'),(113,'6','hrunolfsdottir@example.com','Clement Braun PhD','Prof. Alexie Greenholt III','Rotarian','RC_Westlands','Mr. Cruz Bednar II','member','2021-08-31 13:38:49',NULL,'2021-09-01 09:17:56','2021-09-01 09:17:56'),(114,'6','boyer.trent@example.org','Sydnee Hirthe','Prof. Jarod Frami I','Guest','','Maida Goodwin','inductee','2021-09-01 13:49:47',NULL,'2021-09-01 09:17:56','2021-09-01 09:17:56'),(115,'6','mckenzie.maymie@example.net','Laisha Waters DDS','Samson Smitham','Rotarian','','Janis Willms','member','2021-08-29 08:31:51',NULL,'2021-09-01 09:17:56','2021-09-01 09:17:56'),(116,'6','rberge@example.com','Agustin Rolfson','Laura Bernhard I','Rotarian','RC_Muthaiga','Finn Haag','member','2021-08-30 00:56:19',NULL,'2021-09-01 09:17:56','2021-09-01 09:17:56'),(117,'6','assunta24@example.org','Karlie Waters V','Dr. Bernardo Zulauf','Guest','','Ms. Angelica Lueilwitz IV','member','2021-08-29 22:40:20',NULL,'2021-09-01 09:17:56','2021-09-01 09:17:56'),(118,'6','kuhic.alexandrine@example.org','Allen Buckridge V','Dr. Kole Pagac DVM','Rotarian','','Brian Graham','member','2021-09-01 11:08:12',NULL,'2021-09-01 09:17:56','2021-09-01 09:17:56'),(119,'6','meta01@example.org','Prof. Cayla Cummings II','Prof. Enola Gottlieb V','Guest','RC_Langata','Jakob Hodkiewicz','member','2021-08-31 06:36:50',NULL,'2021-09-01 09:17:56','2021-09-01 09:17:56'),(120,'6','michele.erdman@example.org','Johnpaul Schneider','Salvatore Murphy','Rotarian','','Mia Kassulke','inductee','2021-08-30 12:49:10',NULL,'2021-09-01 09:17:56','2021-09-01 09:17:56'),(121,'7','lebsack.meggie@example.net','Mr. Emerald Lowe','Dr. Loma Bartoletti V','Rotaractor','RC_Muthaiga','Collin Strosin','member','2021-08-31 23:02:09',NULL,'2021-09-01 09:17:56','2021-09-01 09:17:56'),(122,'7','iboehm@example.org','Mrs. Cecelia Gutmann','Mr. Jayce Berge Sr.','Rotaractor','RC_Langata','Gabriella Howe PhD','inductee','2021-09-01 03:34:34',NULL,'2021-09-01 09:17:56','2021-09-01 09:17:56'),(123,'7','kmann@example.org','Miss Josie Johns Jr.','Leda Herzog','Rotarian','RC_Mombasa','Kathryne Orn','member','2021-08-30 01:16:03',NULL,'2021-09-01 09:17:56','2021-09-01 09:17:56'),(124,'7','frankie20@example.com','Emil Bailey','Giovani O\'Conner','Guest','RC_Mombasa','Mr. Arnold Lueilwitz','member','2021-08-31 18:01:40',NULL,'2021-09-01 09:17:56','2021-09-01 09:17:56'),(125,'7','esther98@example.org','Lavina Bechtelar','Darian Dibbert DDS','Rotarian','RC_Westlands','Lewis Ankunding','inductee','2021-08-31 13:07:06',NULL,'2021-09-01 09:17:56','2021-09-01 09:17:56'),(126,'7','ernser.paige@example.com','Dr. Odie Lindgren Sr.','Dr. Johanna Durgan','Rotarian','RC_Westlands','Major Dicki','member','2021-08-30 21:26:50',NULL,'2021-09-01 09:17:56','2021-09-01 09:17:56'),(127,'7','quitzon.alia@example.org','Jeffery Cartwright','Yadira Kutch','Rotarian','','Murphy Hodkiewicz III','member','2021-09-01 05:18:49',NULL,'2021-09-01 09:17:56','2021-09-01 09:17:56'),(128,'7','hartmann.ezekiel@example.org','Lily Hickle','Freda Zieme','Rotaractor','RC_Langata','Dortha Dietrich II','inductee','2021-08-28 15:37:05',NULL,'2021-09-01 09:17:56','2021-09-01 09:17:56'),(129,'7','augustine70@example.org','Randal Hamill III','Nakia Legros','Rotaractor','','Prof. Ethelyn DuBuque','inductee','2021-08-31 18:44:34',NULL,'2021-09-01 09:17:56','2021-09-01 09:17:56'),(130,'7','kirlin.garland@example.net','Dr. Brooks Kemmer','Robert Crona','Rotaractor','RC_Mombasa','Dr. Evan Greenholt MD','inductee','2021-08-28 02:59:42',NULL,'2021-09-01 09:17:56','2021-09-01 09:17:56'),(131,'7','mmueller@example.com','Ursula Dach','Kenyon Thiel I','Rotaractor','RC_Muthaiga','Kadin Becker','inductee','2021-08-31 07:14:32',NULL,'2021-09-01 09:17:56','2021-09-01 09:17:56'),(132,'7','qbarrows@example.com','Mr. Erick Marks','Saige Ondricka','Rotaractor','RC_Mombasa','Dr. Derrick Thiel','inductee','2021-09-01 10:50:42',NULL,'2021-09-01 09:17:56','2021-09-01 09:17:56'),(133,'7','zkassulke@example.com','Trevion Prosacco','Susie Reinger','Guest','','Talon Ferry','inductee','2021-08-29 18:37:26',NULL,'2021-09-01 09:17:56','2021-09-01 09:17:56'),(134,'7','fmetz@example.com','Kariane Parker','Geovany Carter','Guest','RC_Mombasa','Evelyn Murray','member','2021-09-01 14:29:22',NULL,'2021-09-01 09:17:56','2021-09-01 09:17:56'),(135,'7','lolita82@example.net','Axel Robel','Dawn Ritchie','Guest','','Dr. Ransom Roberts','inductee','2021-08-29 16:48:16',NULL,'2021-09-01 09:17:56','2021-09-01 09:17:56'),(136,'7','ppurdy@example.com','Kaylie Satterfield','Hattie Windler','Rotarian','RC_Langata','Clifford Corwin','member','2021-08-31 20:53:57',NULL,'2021-09-01 09:17:56','2021-09-01 09:17:56'),(137,'7','farrell.mustafa@example.net','Dr. Destany Hill','Missouri Kemmer','Rotaractor','RC_Mombasa','Mrs. Octavia Feest Jr.','inductee','2021-08-28 09:50:04',NULL,'2021-09-01 09:17:56','2021-09-01 09:17:56'),(138,'7','lueilwitz.shannon@example.org','Prof. Julian Koss','Cruz Toy','Rotarian','RC_Mombasa','Mr. Ezekiel Sipes MD','member','2021-08-28 05:57:58',NULL,'2021-09-01 09:17:56','2021-09-01 09:17:56'),(139,'7','rschimmel@example.org','Salvador Beahan','Ms. May Kihn','Rotaractor','RC_Westlands','Prof. Brook Klein','inductee','2021-08-29 23:24:40',NULL,'2021-09-01 09:17:56','2021-09-01 09:17:56'),(140,'7','langworth.tremayne@example.com','Candido Dare Sr.','Zula Simonis','Guest','RC_Muthaiga','Prof. Bertha Renner DVM','inductee','2021-08-31 22:55:36',NULL,'2021-09-01 09:17:56','2021-09-01 09:17:56'),(141,'8','ritchie.dane@example.org','Nicolette Roob Sr.','Else Crooks','Guest','RC_Westlands','Cayla Crona','inductee','2021-09-01 04:31:20',NULL,'2021-09-01 09:17:56','2021-09-01 09:17:56'),(142,'8','pzulauf@example.net','Marina Klein IV','Dr. Arne Feil DVM','Rotarian','RC_Muthaiga','Roderick Powlowski','member','2021-09-01 15:12:26',NULL,'2021-09-01 09:17:56','2021-09-01 09:17:56'),(143,'8','schaefer.ryan@example.net','Ruthie Lindgren','Malinda Crooks','Guest','RC_Westlands','Stanley Wintheiser','member','2021-09-01 00:22:00',NULL,'2021-09-01 09:17:56','2021-09-01 09:17:56'),(144,'8','thea77@example.net','Deshaun Kerluke','Arnold Langworth IV','Rotarian','RC_Westlands','Mrs. Olga Schinner','inductee','2021-08-31 18:25:42',NULL,'2021-09-01 09:17:56','2021-09-01 09:17:56'),(145,'8','mann.giovanni@example.org','Eda Jones I','Malvina Keeling MD','Guest','RC_Muthaiga','Adella Moore','inductee','2021-08-31 02:12:56',NULL,'2021-09-01 09:17:56','2021-09-01 09:17:56'),(146,'8','dewitt.howe@example.org','Mason Morar','Ursula Labadie','Rotarian','RC_Westlands','Charlie Abernathy','inductee','2021-08-31 16:31:20',NULL,'2021-09-01 09:17:56','2021-09-01 09:17:56'),(147,'8','psawayn@example.org','Mr. Watson Sauer','Kylie Rippin','Guest','RC_Mombasa','Shanel Dietrich','member','2021-09-01 13:16:38',NULL,'2021-09-01 09:17:56','2021-09-01 09:17:56'),(148,'8','niko27@example.net','Adeline Bartell DVM','Enoch Hermiston','Rotarian','','Alessia Pouros I','member','2021-08-28 16:08:20',NULL,'2021-09-01 09:17:56','2021-09-01 09:17:56'),(149,'8','nitzsche.denis@example.org','Arnold Kassulke','Myah Will','Guest','RC_Mombasa','Hailee Dietrich','member','2021-08-28 13:39:02',NULL,'2021-09-01 09:17:56','2021-09-01 09:17:56'),(150,'8','murphy.jermaine@example.org','Tyrique Becker','Percy Bogisich','Rotarian','','Barbara Sanford','inductee','2021-08-31 02:45:58',NULL,'2021-09-01 09:17:56','2021-09-01 09:17:56'),(151,'8','shea48@example.com','Zetta Buckridge II','Mitchel Hegmann','Guest','RC_Westlands','Virginie Blick','member','2021-09-01 06:58:49',NULL,'2021-09-01 09:17:56','2021-09-01 09:17:56'),(152,'8','uschinner@example.net','Eino Crist','Leslie Konopelski','Rotaractor','RC_Westlands','Prof. Amara Schoen','inductee','2021-08-30 23:53:28',NULL,'2021-09-01 09:17:56','2021-09-01 09:17:56'),(153,'8','emorissette@example.org','Donnie Pfeffer','Lila Luettgen PhD','Rotarian','RC_Langata','Ashton Beahan','member','2021-08-30 23:13:35',NULL,'2021-09-01 09:17:56','2021-09-01 09:17:56'),(154,'8','keeling.gus@example.net','Diamond Rice','Luigi Brekke','Guest','RC_Langata','Elwyn Carter','inductee','2021-08-30 12:53:26',NULL,'2021-09-01 09:17:56','2021-09-01 09:17:56'),(155,'8','jaydon.krajcik@example.net','Oma Ferry','Emile Cronin','Rotarian','RC_Langata','Dr. Guadalupe Hettinger V','member','2021-09-01 12:13:53',NULL,'2021-09-01 09:17:56','2021-09-01 09:17:56'),(156,'8','breitenberg.levi@example.org','Bernard Goodwin','Jeanette Williamson','Rotaractor','RC_Mombasa','Danika Lakin','member','2021-08-30 01:12:04',NULL,'2021-09-01 09:17:56','2021-09-01 09:17:56'),(157,'8','ngutmann@example.com','Mattie Kling','Reyna Bosco','Rotaractor','','Irving Dare','member','2021-09-01 12:18:45',NULL,'2021-09-01 09:17:56','2021-09-01 09:17:56'),(158,'8','hester.becker@example.com','Russ Howell','Elza Effertz','Guest','RC_Langata','Prince Schmidt','inductee','2021-08-28 02:50:03',NULL,'2021-09-01 09:17:56','2021-09-01 09:17:56'),(159,'8','douglas46@example.net','Timothy Hermann','Darby Buckridge','Rotaractor','RC_Mombasa','Adalberto Deckow','member','2021-08-30 19:27:43',NULL,'2021-09-01 09:17:56','2021-09-01 09:17:56'),(160,'8','lorna84@example.com','Aleen Reilly','Buford Bashirian','Guest','','Asa Hettinger','inductee','2021-08-30 09:02:44',NULL,'2021-09-01 09:17:56','2021-09-01 09:17:56'),(161,'9','sandra.luettgen@example.org','Ms. Mabel Konopelski IV','Roslyn Altenwerth DDS','Guest','RC_Muthaiga','Lemuel Baumbach','inductee','2021-09-01 11:30:45',NULL,'2021-09-01 09:17:56','2021-09-01 09:17:56'),(162,'9','kihn.belle@example.net','Brendon Lowe DVM','Bruce Lockman','Guest','RC_Langata','Lula Kunze Sr.','inductee','2021-08-29 21:28:04',NULL,'2021-09-01 09:17:56','2021-09-01 09:17:56'),(163,'9','cleffler@example.net','Grant Abbott','Mr. Frederik Schinner V','Guest','RC_Mombasa','Mr. Miguel Schmidt DVM','inductee','2021-08-31 21:34:53',NULL,'2021-09-01 09:17:56','2021-09-01 09:17:56'),(164,'9','xavier65@example.com','Dr. Tressie Fisher V','Samantha Kihn','Rotarian','RC_Westlands','Garfield O\'Hara','member','2021-08-29 20:11:40',NULL,'2021-09-01 09:17:56','2021-09-01 09:17:56'),(165,'9','fmurray@example.com','Cortney Zieme III','Ms. Ludie Lindgren III','Rotaractor','','Harrison Lynch','member','2021-08-29 16:58:54',NULL,'2021-09-01 09:17:56','2021-09-01 09:17:56'),(166,'9','ydenesik@example.com','Cindy Cummings','Evalyn Mosciski','Guest','','Tod Zieme','inductee','2021-08-27 18:07:17',NULL,'2021-09-01 09:17:56','2021-09-01 09:17:56'),(167,'9','homenick.abdullah@example.com','Prof. Savanah Walsh','Betsy Jacobi II','Rotaractor','RC_Westlands','Frederick O\'Reilly IV','member','2021-08-31 16:03:33',NULL,'2021-09-01 09:17:56','2021-09-01 09:17:56'),(168,'9','dexter.gislason@example.org','Marques Will','Ronaldo Larson MD','Rotarian','RC_Mombasa','Nigel Kuphal DDS','member','2021-08-30 06:15:36',NULL,'2021-09-01 09:17:56','2021-09-01 09:17:56'),(169,'9','general.vonrueden@example.org','Prof. Soledad Hermann','Ms. Krista Smith IV','Rotarian','RC_Langata','Sylvan Oberbrunner','inductee','2021-08-31 04:23:25',NULL,'2021-09-01 09:17:56','2021-09-01 09:17:56'),(170,'9','smith.hope@example.net','Prof. Johnny Rau Sr.','Ms. Dorothea Metz I','Rotarian','','Lucile Hessel','inductee','2021-09-01 09:17:59',NULL,'2021-09-01 09:17:56','2021-09-01 09:17:56'),(171,'9','ozella.kovacek@example.org','Berta Feeney II','Jerel Harber','Guest','RC_Langata','Bell Torphy','inductee','2021-08-31 00:00:57',NULL,'2021-09-01 09:17:56','2021-09-01 09:17:56'),(172,'9','bjacobs@example.com','Keagan Jacobson DVM','Irma O\'Reilly','Guest','RC_Westlands','Dr. Lee Davis','member','2021-09-01 06:33:01',NULL,'2021-09-01 09:17:56','2021-09-01 09:17:56'),(173,'9','harmon.gislason@example.net','Delphine Gaylord','Will McGlynn','Rotarian','','Mr. Israel Fahey DDS','inductee','2021-08-29 13:28:10',NULL,'2021-09-01 09:17:56','2021-09-01 09:17:56'),(174,'9','tchristiansen@example.com','Pearline Runte','Oceane Boehm','Guest','RC_Mombasa','Sally Nicolas','inductee','2021-08-30 19:38:22',NULL,'2021-09-01 09:17:56','2021-09-01 09:17:56'),(175,'9','kareem70@example.org','Adonis Waelchi','Burnice Rau Jr.','Guest','RC_Westlands','Cayla Dibbert','inductee','2021-08-30 20:30:58',NULL,'2021-09-01 09:17:56','2021-09-01 09:17:56'),(176,'9','pgoyette@example.org','Destinee Stamm','Mr. Marques Wolff DDS','Rotaractor','RC_Mombasa','Dr. Macey Bruen','inductee','2021-08-29 08:16:01',NULL,'2021-09-01 09:17:56','2021-09-01 09:17:56'),(177,'9','demarcus98@example.com','Mr. Johnathon Bernier V','Burnice Conroy MD','Rotarian','RC_Muthaiga','Mrs. Kathleen Orn IV','inductee','2021-08-31 05:51:54',NULL,'2021-09-01 09:17:56','2021-09-01 09:17:56'),(178,'9','hilpert.janice@example.net','Hailey Towne DDS','Kenneth McKenzie','Rotaractor','RC_Westlands','Everette Johnston','member','2021-08-31 18:48:59',NULL,'2021-09-01 09:17:56','2021-09-01 09:17:56'),(179,'9','vchamplin@example.net','Sage Bashirian MD','Cole Runolfsson III','Rotaractor','','Ryleigh Torp','member','2021-08-27 16:34:20',NULL,'2021-09-01 09:17:56','2021-09-01 09:17:56'),(180,'9','yleannon@example.com','Prof. Osbaldo Waelchi Sr.','Palma Crist II','Rotarian','RC_Westlands','Michel Breitenberg','inductee','2021-08-31 03:23:18',NULL,'2021-09-01 09:17:56','2021-09-01 09:17:56'),(181,'10','lmurray@example.net','Megane Leuschke III','Dr. Cesar Wintheiser','Guest','RC_Westlands','Mr. Arnaldo Kshlerin','inductee','2021-09-01 06:09:14',NULL,'2021-09-01 09:17:56','2021-09-01 09:17:56'),(182,'10','jeramy.kiehn@example.com','Arnoldo Hermiston','Dimitri Hane','Rotaractor','','Leanna Paucek','member','2021-09-01 08:47:19',NULL,'2021-09-01 09:17:56','2021-09-01 09:17:56'),(183,'10','daniela.fay@example.org','Alexane Fisher','Mallory Collier','Rotaractor','RC_Muthaiga','Abigail Schuppe','inductee','2021-08-30 03:59:20',NULL,'2021-09-01 09:17:56','2021-09-01 09:17:56'),(184,'10','djerde@example.net','Winfield Jast','Ms. Alycia Schumm','Rotarian','RC_Langata','Alivia Pacocha','inductee','2021-08-30 05:43:10',NULL,'2021-09-01 09:17:56','2021-09-01 09:17:56'),(185,'10','zbergnaum@example.org','Ms. Kyra Sauer II','Jayce Cormier','Rotaractor','','Dr. Donato Koelpin','member','2021-09-01 03:24:10',NULL,'2021-09-01 09:17:56','2021-09-01 09:17:56'),(186,'10','lennie.pollich@example.org','Aniyah Yost Sr.','Elva Schuppe Sr.','Guest','RC_Langata','Jordi McDermott','member','2021-08-30 02:46:10',NULL,'2021-09-01 09:17:56','2021-09-01 09:17:56'),(187,'10','dibbert.audreanne@example.net','Fiona Kuhn','Prof. Beau Mertz V','Guest','RC_Mombasa','Mr. Brice Labadie PhD','member','2021-09-01 10:39:41',NULL,'2021-09-01 09:17:56','2021-09-01 09:17:56'),(188,'10','nstehr@example.org','Glen Bednar','Prof. Petra Schuster','Guest','RC_Westlands','Jadyn McClure','inductee','2021-09-01 04:55:10',NULL,'2021-09-01 09:17:56','2021-09-01 09:17:56'),(189,'10','leta.padberg@example.org','Prof. Addison Welch Jr.','Dr. Edd Welch','Rotaractor','','Modesta Ryan','member','2021-08-30 10:38:46',NULL,'2021-09-01 09:17:56','2021-09-01 09:17:56'),(190,'10','pfeffer.delilah@example.org','Mr. Rudolph Purdy','Lee Feest','Rotaractor','RC_Mombasa','Bill Adams','member','2021-08-31 22:42:57',NULL,'2021-09-01 09:17:56','2021-09-01 09:17:56'),(191,'10','gleichner.raymond@example.org','Flavie Hintz','Mercedes Beer DDS','Rotaractor','RC_Westlands','Ms. Meredith Hermann','member','2021-08-31 13:31:21',NULL,'2021-09-01 09:17:56','2021-09-01 09:17:56'),(192,'10','bcrist@example.net','Elinor Little','Savanna Orn','Rotaractor','','Hayden Jacobson','inductee','2021-08-30 15:05:14',NULL,'2021-09-01 09:17:56','2021-09-01 09:17:56'),(193,'10','reba86@example.net','Leola VonRueden','Dr. Milan Aufderhar II','Guest','RC_Mombasa','Mrs. Jazlyn Fadel PhD','member','2021-08-30 04:01:51',NULL,'2021-09-01 09:17:56','2021-09-01 09:17:56'),(194,'10','ewald.treutel@example.com','Hollis Stokes DDS','Kaylah Harvey','Guest','','Wallace Jerde','inductee','2021-08-31 07:01:52',NULL,'2021-09-01 09:17:56','2021-09-01 09:17:56'),(195,'10','neha88@example.org','Miller Wisoky','Dr. Wilton Reynolds V','Guest','RC_Westlands','Alice Goldner DVM','member','2021-08-30 10:30:45',NULL,'2021-09-01 09:17:56','2021-09-01 09:17:56'),(196,'10','mbuckridge@example.com','Mr. Devan Thiel','Alexa Bruen Jr.','Rotarian','','Allen Runolfsdottir','inductee','2021-08-31 06:47:04',NULL,'2021-09-01 09:17:56','2021-09-01 09:17:56'),(197,'10','leannon.dahlia@example.com','Frederic Monahan II','Peter Bailey','Rotarian','','Rita Rath','inductee','2021-08-29 20:30:57',NULL,'2021-09-01 09:17:56','2021-09-01 09:17:56'),(198,'10','ebert.jamey@example.com','Laila Gleason','Mr. Bryon Funk MD','Guest','RC_Westlands','Felipe Wilkinson','member','2021-08-30 20:24:08',NULL,'2021-09-01 09:17:56','2021-09-01 09:17:56'),(199,'10','bechtelar.noemie@example.com','Alexie Grant','Mrs. Aisha Pouros MD','Guest','RC_Langata','Carmine Macejkovic','member','2021-08-28 20:10:17',NULL,'2021-09-01 09:17:56','2021-09-01 09:17:56'),(200,'10','ernesto92@example.net','Alf Nikolaus','Era Kris','Guest','RC_Muthaiga','Guadalupe Kerluke','inductee','2021-08-28 19:43:59',NULL,'2021-09-01 09:17:56','2021-09-01 09:17:56'),(201,'11','annabell.wisozk@example.net','Dr. Anika Murazik MD','Dereck Daugherty','Guest','RC_Langata','Dr. Cassandra Schultz III','member','2021-08-28 03:49:49',NULL,'2021-09-01 09:17:56','2021-09-01 09:17:56'),(202,'11','magdalena.rau@example.net','Libby Weimann','Ethelyn Kiehn I','Guest','RC_Mombasa','Javier Walker','member','2021-08-31 04:49:09',NULL,'2021-09-01 09:17:56','2021-09-01 09:17:56'),(203,'11','lesch.sammie@example.com','Prof. Cierra Toy','Felipe Wehner DDS','Rotarian','','Dr. Darron Hettinger III','member','2021-08-28 21:14:04',NULL,'2021-09-01 09:17:56','2021-09-01 09:17:56'),(204,'11','enader@example.net','Jace D\'Amore','Betsy Schaden','Rotarian','','Ms. Rylee Wilderman','inductee','2021-08-29 00:47:37',NULL,'2021-09-01 09:17:56','2021-09-01 09:17:56'),(205,'11','allen36@example.org','Casimir Lubowitz','Kira Nicolas','Rotarian','RC_Langata','Carmella Hessel DVM','member','2021-09-01 00:40:47',NULL,'2021-09-01 09:17:56','2021-09-01 09:17:56'),(206,'11','tillman.morris@example.org','Miss Nikki Dare DDS','Tyreek Carter','Rotarian','RC_Langata','Dr. Horace Walter Jr.','member','2021-08-31 11:00:07',NULL,'2021-09-01 09:17:56','2021-09-01 09:17:56'),(207,'11','josiah.ondricka@example.org','Rasheed McClure','Joana Mayer','Rotaractor','RC_Langata','Verlie Keeling','member','2021-08-31 03:21:06',NULL,'2021-09-01 09:17:56','2021-09-01 09:17:56'),(208,'11','maybell.cartwright@example.net','Danyka Abernathy IV','Thalia Heaney','Guest','','Esperanza Lowe','member','2021-09-01 00:28:56',NULL,'2021-09-01 09:17:56','2021-09-01 09:17:56'),(209,'11','ardella11@example.com','Ms. Kelsi Crooks DVM','Lavinia Schultz','Guest','RC_Mombasa','Prof. Hardy Torp','inductee','2021-08-29 05:17:55',NULL,'2021-09-01 09:17:56','2021-09-01 09:17:56'),(210,'11','jschuster@example.com','Miss Sarina Bins I','Elmo Huels','Rotarian','RC_Westlands','Paige Rowe','inductee','2021-08-29 21:00:30',NULL,'2021-09-01 09:17:56','2021-09-01 09:17:56'),(211,'11','considine.elise@example.net','King Stehr','Darrin Deckow','Rotaractor','RC_Mombasa','Miss Willa Johns I','inductee','2021-08-30 05:20:33',NULL,'2021-09-01 09:17:56','2021-09-01 09:17:56'),(212,'11','kfadel@example.org','Krystel Koepp','Winston Funk','Guest','RC_Mombasa','Melyssa Kuhlman','member','2021-08-30 03:07:10',NULL,'2021-09-01 09:17:56','2021-09-01 09:17:56'),(213,'11','johns.arvilla@example.net','Destiney Hagenes','Carroll Kunde','Rotarian','RC_Muthaiga','Andre Friesen','inductee','2021-08-31 15:20:43',NULL,'2021-09-01 09:17:56','2021-09-01 09:17:56'),(214,'11','guy43@example.net','Prof. Rashawn Johnson Jr.','Dr. Serenity Schuppe I','Rotaractor','RC_Langata','Hiram Stokes','inductee','2021-08-30 14:06:21',NULL,'2021-09-01 09:17:56','2021-09-01 09:17:56'),(215,'11','rcummerata@example.com','Emma Cormier','Lilla West','Guest','RC_Mombasa','Prof. Allan Dibbert','inductee','2021-09-01 00:06:26',NULL,'2021-09-01 09:17:56','2021-09-01 09:17:56'),(216,'11','wleffler@example.com','Nedra Koss','Ms. Danielle Tromp Jr.','Guest','RC_Muthaiga','Wyatt Blanda MD','inductee','2021-09-01 09:31:48',NULL,'2021-09-01 09:17:56','2021-09-01 09:17:56'),(217,'11','silas57@example.org','Madisyn Franecki','Marcelle White','Rotaractor','RC_Westlands','Freida Wisozk','member','2021-09-01 07:41:52',NULL,'2021-09-01 09:17:56','2021-09-01 09:17:56'),(218,'11','kulas.hilton@example.net','Kaden Douglas','Janie Collins','Guest','RC_Mombasa','Mafalda Wisoky','member','2021-09-01 01:01:28',NULL,'2021-09-01 09:17:56','2021-09-01 09:17:56'),(219,'11','dino.dubuque@example.net','Elva Stark','Milo Kohler','Guest','RC_Mombasa','Virgil Reichert','inductee','2021-09-01 12:07:40',NULL,'2021-09-01 09:17:56','2021-09-01 09:17:56'),(220,'11','hellen56@example.com','Mr. Raoul Hand','Dr. Angel Dickens','Rotaractor','RC_Westlands','Prof. Mitchell Schmidt Jr.','member','2021-09-01 08:33:42',NULL,'2021-09-01 09:17:56','2021-09-01 09:17:56'),(221,'12','skassulke@example.org','Asia Altenwerth','Dr. Roosevelt Herzog V','Rotaractor','RC_Westlands','Wilbert Powlowski Jr.','inductee','2021-09-01 14:56:46',NULL,'2021-09-01 09:17:56','2021-09-01 09:17:56'),(222,'12','angelo.stanton@example.org','Adele Shields','Anita Rutherford','Rotaractor','RC_Langata','Lina Torphy Jr.','member','2021-09-01 07:33:12',NULL,'2021-09-01 09:17:56','2021-09-01 09:17:56'),(223,'12','lavinia.mueller@example.net','Titus Mills','Ashleigh Hayes','Rotarian','RC_Mombasa','Hector Stehr','member','2021-09-01 08:44:45',NULL,'2021-09-01 09:17:56','2021-09-01 09:17:56'),(224,'12','alison80@example.com','Horacio Zboncak','Jewel Abernathy','Guest','','Prof. Rita Davis DVM','member','2021-08-28 18:23:13',NULL,'2021-09-01 09:17:56','2021-09-01 09:17:56'),(225,'12','ena.oconnell@example.net','Ruben Franecki','Letha Schowalter','Guest','RC_Mombasa','Dr. Geoffrey Schmeler','inductee','2021-08-31 23:46:16',NULL,'2021-09-01 09:17:56','2021-09-01 09:17:56'),(226,'12','wava07@example.net','Opal Kirlin','Emerald Dicki','Rotaractor','RC_Westlands','Raleigh VonRueden','member','2021-08-31 21:43:53',NULL,'2021-09-01 09:17:56','2021-09-01 09:17:56'),(227,'12','estelle.jakubowski@example.com','Sister Corkery','Prof. Mozelle Predovic','Rotarian','RC_Langata','Brandi Ruecker','member','2021-08-31 17:18:11',NULL,'2021-09-01 09:17:56','2021-09-01 09:17:56'),(228,'12','woodrow.mccullough@example.com','Nickolas Streich','Zackery Rath','Guest','','Burdette Mann','inductee','2021-08-31 21:45:46',NULL,'2021-09-01 09:17:56','2021-09-01 09:17:56'),(229,'12','parker.brooks@example.org','Barney Carter','Mr. Karson Towne','Rotarian','RC_Langata','Cole Fritsch','member','2021-09-01 04:49:51',NULL,'2021-09-01 09:17:56','2021-09-01 09:17:56'),(230,'12','ray.jacobi@example.com','Quinn Paucek','Halle Torphy','Rotarian','RC_Langata','Gilberto Breitenberg','inductee','2021-09-01 08:01:33',NULL,'2021-09-01 09:17:56','2021-09-01 09:17:56'),(231,'12','crolfson@example.org','Bulah Boyer','Kennedy Brekke','Guest','RC_Langata','Mrs. Charity Tillman','inductee','2021-08-31 23:13:44',NULL,'2021-09-01 09:17:56','2021-09-01 09:17:56'),(232,'12','meda77@example.org','Darrion Weber','Bryana Greenfelder II','Guest','RC_Mombasa','Okey Greenholt','inductee','2021-09-01 07:26:24',NULL,'2021-09-01 09:17:56','2021-09-01 09:17:56'),(233,'12','leola.wuckert@example.com','Fredrick Kemmer','Dr. Tracy Reilly','Guest','RC_Muthaiga','Lilliana Sanford','inductee','2021-08-31 00:43:46',NULL,'2021-09-01 09:17:56','2021-09-01 09:17:56'),(234,'12','devante52@example.org','Madisen Goldner','Vilma Schaden','Guest','RC_Langata','Mariam Schmitt','inductee','2021-08-29 20:39:30',NULL,'2021-09-01 09:17:56','2021-09-01 09:17:56'),(235,'12','orpha43@example.net','Dr. Dakota Mitchell','Fleta Wisoky IV','Guest','RC_Mombasa','Mr. Neal Bailey Sr.','member','2021-09-01 02:03:32',NULL,'2021-09-01 09:17:56','2021-09-01 09:17:56'),(236,'12','shaylee.lang@example.org','Emil Yost IV','Alena Rohan I','Guest','RC_Muthaiga','Jarrod Harvey III','member','2021-08-31 16:49:17',NULL,'2021-09-01 09:17:56','2021-09-01 09:17:56'),(237,'12','kayli.anderson@example.net','Sabryna Reinger I','Shad Ondricka','Rotaractor','','Dr. Pamela Kub','member','2021-09-01 11:22:50',NULL,'2021-09-01 09:17:56','2021-09-01 09:17:56'),(238,'12','flehner@example.org','Corine Kovacek','Vicente Parker','Guest','RC_Mombasa','Milton Krajcik','member','2021-09-01 10:03:02',NULL,'2021-09-01 09:17:56','2021-09-01 09:17:56'),(239,'12','uleffler@example.com','Cameron Gerhold V','Beulah Bins','Rotaractor','','Carli Swaniawski II','member','2021-09-01 04:04:47',NULL,'2021-09-01 09:17:56','2021-09-01 09:17:56'),(240,'12','korn@example.com','Antonina Hartmann IV','Mrs. Pearline Predovic','Rotaractor','RC_Westlands','Antonietta Crist','inductee','2021-08-29 06:58:49',NULL,'2021-09-01 09:17:56','2021-09-01 09:17:56');
/*!40000 ALTER TABLE `registrants` ENABLE KEYS */;
UNLOCK TABLES;

--
-- Table structure for table `setup`
--

DROP TABLE IF EXISTS `setup`;
/*!40101 SET @saved_cs_client     = @@character_set_client */;
/*!50503 SET character_set_client = utf8mb4 */;
CREATE TABLE `setup` (
  `id` bigint unsigned NOT NULL AUTO_INCREMENT,
  `client_id` varchar(255) COLLATE utf8mb4_unicode_ci NOT NULL,
  `client_secret` varchar(255) COLLATE utf8mb4_unicode_ci NOT NULL,
  `callback_url` varchar(255) COLLATE utf8mb4_unicode_ci NOT NULL,
  `environment` varchar(255) COLLATE utf8mb4_unicode_ci NOT NULL,
  `current` tinyint(1) NOT NULL,
  `created_at` timestamp NULL DEFAULT NULL,
  `updated_at` timestamp NULL DEFAULT NULL,
  PRIMARY KEY (`id`)
) ENGINE=InnoDB AUTO_INCREMENT=3 DEFAULT CHARSET=utf8mb4 COLLATE=utf8mb4_unicode_ci;
/*!40101 SET character_set_client = @saved_cs_client */;

--
-- Dumping data for table `setup`
--

LOCK TABLES `setup` WRITE;
/*!40000 ALTER TABLE `setup` DISABLE KEYS */;
INSERT INTO `setup` VALUES (1,'88qbzpueTkGI66J9dKWd1g','3ZNpHxlheBOPr1NpqWB8fFTLX4BasWwM','https://localhost/show','local',1,'2021-09-01 09:17:55','2021-09-01 09:17:55'),(2,'88qbzpueTkGI66J9dKWd1g','3ZNpHxlheBOPr1NpqWB8fFTLX4BasWwM','https://localhost/show','production',0,'2021-09-01 09:17:55','2021-09-01 09:17:55');
/*!40000 ALTER TABLE `setup` ENABLE KEYS */;
UNLOCK TABLES;

--
-- Table structure for table `types`
--

DROP TABLE IF EXISTS `types`;
/*!40101 SET @saved_cs_client     = @@character_set_client */;
/*!50503 SET character_set_client = utf8mb4 */;
CREATE TABLE `types` (
  `id` bigint unsigned NOT NULL AUTO_INCREMENT,
  `code` varchar(255) COLLATE utf8mb4_unicode_ci NOT NULL,
  `description` varchar(255) COLLATE utf8mb4_unicode_ci DEFAULT NULL,
  `created_at` timestamp NULL DEFAULT NULL,
  `updated_at` timestamp NULL DEFAULT NULL,
  PRIMARY KEY (`id`),
  UNIQUE KEY `types_code_unique` (`code`)
) ENGINE=InnoDB AUTO_INCREMENT=3 DEFAULT CHARSET=utf8mb4 COLLATE=utf8mb4_unicode_ci;
/*!40101 SET character_set_client = @saved_cs_client */;

--
-- Dumping data for table `types`
--

LOCK TABLES `types` WRITE;
/*!40000 ALTER TABLE `types` DISABLE KEYS */;
INSERT INTO `types` VALUES (1,'Member','Full Member','2021-09-01 09:17:55','2021-09-01 09:17:55'),(2,'Inductee','On induction for 12 meetings','2021-09-01 09:17:55','2021-09-01 09:17:55');
/*!40000 ALTER TABLE `types` ENABLE KEYS */;
UNLOCK TABLES;

--
-- Table structure for table `users`
--

DROP TABLE IF EXISTS `users`;
/*!40101 SET @saved_cs_client     = @@character_set_client */;
/*!50503 SET character_set_client = utf8mb4 */;
CREATE TABLE `users` (
  `id` int unsigned NOT NULL AUTO_INCREMENT,
  `account_id` int NOT NULL,
  `first_name` varchar(25) COLLATE utf8mb4_unicode_ci NOT NULL,
  `last_name` varchar(25) COLLATE utf8mb4_unicode_ci NOT NULL,
  `email` varchar(50) COLLATE utf8mb4_unicode_ci NOT NULL,
  `email_verified_at` timestamp NULL DEFAULT NULL,
  `password` varchar(255) COLLATE utf8mb4_unicode_ci DEFAULT NULL,
  `owner` tinyint(1) NOT NULL DEFAULT '0',
  `photo_path` varchar(100) COLLATE utf8mb4_unicode_ci DEFAULT NULL,
  `remember_token` varchar(100) COLLATE utf8mb4_unicode_ci DEFAULT NULL,
  `created_at` timestamp NULL DEFAULT NULL,
  `updated_at` timestamp NULL DEFAULT NULL,
  `deleted_at` timestamp NULL DEFAULT NULL,
  PRIMARY KEY (`id`),
  UNIQUE KEY `users_email_unique` (`email`),
  KEY `users_account_id_index` (`account_id`)
) ENGINE=InnoDB AUTO_INCREMENT=7 DEFAULT CHARSET=utf8mb4 COLLATE=utf8mb4_unicode_ci;
/*!40101 SET character_set_client = @saved_cs_client */;

--
-- Dumping data for table `users`
--

LOCK TABLES `users` WRITE;
/*!40000 ALTER TABLE `users` DISABLE KEYS */;
INSERT INTO `users` VALUES (1,1,'John','Doe','johndoe@example.com','2021-09-01 09:17:54','$2y$10$RoFNy5RO9yfuAnOlEUCu8.J2fd/dBYKZIXT7eM6OIp4YpT8/UwmQS',1,NULL,'55QrFbqd6A','2021-09-01 09:17:54','2021-09-01 09:17:54',NULL),(2,1,'Bo','Trantow','gorczany.kyla@example.com','2021-09-01 09:17:54','$2y$10$98AjIesSZ79XsYtsHH6nZOEOp5cgB60kCPOkbI6cz/WV98Vpc5Pbu',0,NULL,'zS3GxCnJvY','2021-09-01 09:17:54','2021-09-01 09:17:54',NULL),(3,1,'Kane','Oberbrunner','simeon62@example.org','2021-09-01 09:17:54','$2y$10$pq1UUnepcL7SvDtgCFlDpu4ATD5g9naJ/i93dnXRQoEEbkzCuYFUm',0,NULL,'NsUip7p4pY','2021-09-01 09:17:54','2021-09-01 09:17:54',NULL),(4,1,'Vernie','Steuber','emccullough@example.net','2021-09-01 09:17:54','$2y$10$z77XGpWuZBDCtriqm77NFOb0ZqWKEZx5fWtZjwlmVpRfC.D7gz19G',0,NULL,'rlIs7zlisH','2021-09-01 09:17:54','2021-09-01 09:17:54',NULL),(5,1,'Kassandra','Wilderman','streich.rose@example.net','2021-09-01 09:17:54','$2y$10$hxMYN3EptlrN8dCVX7TxEu3Sca8MFbBaoOS.js6MICgd.gqLVY9c6',0,NULL,'hJnNzpWjx7','2021-09-01 09:17:54','2021-09-01 09:17:54',NULL),(6,1,'Georgiana','Shanahan','marcel67@example.com','2021-09-01 09:17:54','$2y$10$mmEFTsDVCP1p5s7dDALBAeAWHO2CIkloxDOMkaV1Wvw9Kdc3tmdaS',0,NULL,'1NG6HhRs75','2021-09-01 09:17:54','2021-09-01 09:17:54',NULL);
/*!40000 ALTER TABLE `users` ENABLE KEYS */;
UNLOCK TABLES;

--
-- Table structure for table `zoom_tokens`
--

DROP TABLE IF EXISTS `zoom_tokens`;
/*!40101 SET @saved_cs_client     = @@character_set_client */;
/*!50503 SET character_set_client = utf8mb4 */;
CREATE TABLE `zoom_tokens` (
  `id` bigint unsigned NOT NULL AUTO_INCREMENT,
  `token` text COLLATE utf8mb4_unicode_ci NOT NULL,
  `created_at` timestamp NULL DEFAULT NULL,
  `updated_at` timestamp NULL DEFAULT NULL,
  PRIMARY KEY (`id`)
) ENGINE=InnoDB DEFAULT CHARSET=utf8mb4 COLLATE=utf8mb4_unicode_ci;
/*!40101 SET character_set_client = @saved_cs_client */;

--
-- Dumping data for table `zoom_tokens`
--

LOCK TABLES `zoom_tokens` WRITE;
/*!40000 ALTER TABLE `zoom_tokens` DISABLE KEYS */;
/*!40000 ALTER TABLE `zoom_tokens` ENABLE KEYS */;
UNLOCK TABLES;

--
-- Table structure for table `zoom_users`
--

DROP TABLE IF EXISTS `zoom_users`;
/*!40101 SET @saved_cs_client     = @@character_set_client */;
/*!50503 SET character_set_client = utf8mb4 */;
CREATE TABLE `zoom_users` (
  `id` bigint unsigned NOT NULL AUTO_INCREMENT,
  `user_id` varchar(255) COLLATE utf8mb4_unicode_ci NOT NULL,
  `first_name` varchar(255) COLLATE utf8mb4_unicode_ci NOT NULL,
  `last_name` varchar(255) COLLATE utf8mb4_unicode_ci DEFAULT NULL,
  `email` varchar(255) COLLATE utf8mb4_unicode_ci NOT NULL,
  `type` int DEFAULT NULL,
  `pmi` varchar(255) COLLATE utf8mb4_unicode_ci DEFAULT NULL,
  `dept` varchar(255) COLLATE utf8mb4_unicode_ci DEFAULT NULL,
  `last_login_time` datetime DEFAULT NULL,
  `phone_number` varchar(255) COLLATE utf8mb4_unicode_ci DEFAULT NULL,
  `status` varchar(255) COLLATE utf8mb4_unicode_ci NOT NULL,
  `role_id` varchar(255) COLLATE utf8mb4_unicode_ci NOT NULL,
  `created_at` timestamp NULL DEFAULT NULL,
  `updated_at` timestamp NULL DEFAULT NULL,
  PRIMARY KEY (`id`),
  UNIQUE KEY `zoom_users_user_id_unique` (`user_id`),
  UNIQUE KEY `zoom_users_email_unique` (`email`)
) ENGINE=InnoDB DEFAULT CHARSET=utf8mb4 COLLATE=utf8mb4_unicode_ci;
/*!40101 SET character_set_client = @saved_cs_client */;

--
-- Dumping data for table `zoom_users`
--

LOCK TABLES `zoom_users` WRITE;
/*!40000 ALTER TABLE `zoom_users` DISABLE KEYS */;
/*!40000 ALTER TABLE `zoom_users` ENABLE KEYS */;
UNLOCK TABLES;
/*!40103 SET TIME_ZONE=@OLD_TIME_ZONE */;

/*!40101 SET SQL_MODE=@OLD_SQL_MODE */;
/*!40014 SET FOREIGN_KEY_CHECKS=@OLD_FOREIGN_KEY_CHECKS */;
/*!40014 SET UNIQUE_CHECKS=@OLD_UNIQUE_CHECKS */;
/*!40101 SET CHARACTER_SET_CLIENT=@OLD_CHARACTER_SET_CLIENT */;
/*!40101 SET CHARACTER_SET_RESULTS=@OLD_CHARACTER_SET_RESULTS */;
/*!40101 SET COLLATION_CONNECTION=@OLD_COLLATION_CONNECTION */;
/*!40111 SET SQL_NOTES=@OLD_SQL_NOTES */;

-- Dump completed on 2021-09-01 15:43:03
